[2026-09-15 09:02:04] local.ERROR: Undefined variable $schemaGraph {"view":{"view":"/home/go4database.com/public_html/@core/resources/views/frontend/partials/og-meta.blade.php","data":[]},"exception":"[object] (Spatie\\LaravelIgnition\\Exceptions\\ViewException(code: 0): Undefined variable $schemaGraph at /home/go4database.com/public_html/@core/resources/views/frontend/partials/og-meta.blade.php:954)
[stacktrace]
#0 /home/go4database.com/public_html/@core/vendor/laravel/framework/src/Illuminate/Foundation/Bootstrap/HandleExceptions.php(266): Illuminate\\Foundation\\Bootstrap\\HandleExceptions->handleError()
#1 /home/go4database.com/public_html/@core/resources/views/frontend/partials/og-meta.blade.php(954): Illuminate\\Foundation\\Bootstrap\\HandleExceptions->Illuminate\\Foundation\\Bootstrap\\{closure}()
#2 /home/go4database.com/public_html/@core/vendor/laravel/framework/src/Illuminate/Filesystem/Filesystem.php(109): require('...')
#3 /home/go4database.com/public_html/@core/vendor/laravel/framework/src/Illuminate/Filesystem/Filesystem.php(110): Illuminate\\Filesystem\\Filesystem::Illuminate\\Filesystem\\{closure}()
#4 /home/go4database.com/public_html/@core/vendor/laravel/framework/src/Illuminate/View/Engines/PhpEngine.php(58): Illuminate\\Filesystem\\Filesystem->getRequire()
#5 /home/go4database.com/public_html/@core/vendor/laravel/framework/src/Illuminate/View/Engines/CompilerEngine.php(70): Illuminate\\View\\Engines\\PhpEngine->evaluatePath()
#6 /home/go4database.com/public_html/@core/vendor/laravel/framework/src/Illuminate/View/View.php(152): Illuminate\\View\\Engines\\CompilerEngine->get()
#7 /home/go4database.com/public_html/@core/vendor/laravel/framework/src/Illuminate/View/View.php(135): Illuminate\\View\\View->getContents()
#8 /home/go4database.com/public_html/@core/vendor/laravel/framework/src/Illuminate/View/View.php(104): Illuminate\\View\\View->renderContents()
#9 /home/go4database.com/public_html/@core/resources/views/frontend/partials/header.blade.php(97): Illuminate\\View\\View->render()
#10 /home/go4database.com/public_html/@core/vendor/laravel/framework/src/Illuminate/Filesystem/Filesystem.php(109): require('...')
#11 /home/go4database.com/public_html/@core/vendor/laravel/framework/src/Illuminate/Filesystem/Filesystem.php(110): Illuminate\\Filesystem\\Filesystem::Illuminate\\Filesystem\\{closure}()
#12 /home/go4database.com/public_html/@core/vendor/laravel/framework/src/Illuminate/View/Engines/PhpEngine.php(58): Illuminate\\Filesystem\\Filesystem->getRequire()
#13 /home/go4database.com/public_html/@core/vendor/laravel/framework/src/Illuminate/View/Engines/CompilerEngine.php(70): Illuminate\\View\\Engines\\PhpEngine->evaluatePath()
#14 /home/go4database.com/public_html/@core/vendor/laravel/framework/src/Illuminate/View/View.php(152): Illuminate\\View\\Engines\\CompilerEngine->get()
#15 /home/go4database.com/public_html/@core/vendor/laravel/framework/src/Illuminate/View/View.php(135): Illuminate\\View\\View->getContents()
#16 /home/go4database.com/public_html/@core/vendor/laravel/framework/src/Illuminate/View/View.php(104): Illuminate\\View\\View->renderContents()
#17 /home/go4database.com/public_html/@core/resources/views/frontend/frontend-page-master.blade.php(1): Illuminate\\View\\View->render()
#18 /home/go4database.com/public_html/@core/vendor/laravel/framework/src/Illuminate/Filesystem/Filesystem.php(109): require('...')
#19 /home/go4database.com/public_html/@core/vendor/laravel/framework/src/Illuminate/Filesystem/Filesystem.php(110): Illuminate\\Filesystem\\Filesystem::Illuminate\\Filesystem\\{closure}()
#20 /home/go4database.com/public_html/@core/vendor/laravel/framework/src/Illuminate/View/Engines/PhpEngine.php(58): Illuminate\\Filesystem\\Filesystem->getRequire()
#21 /home/go4database.com/public_html/@core/vendor/laravel/framework/src/Illuminate/View/Engines/CompilerEngine.php(70): Illuminate\\View\\Engines\\PhpEngine->evaluatePath()
#22 /home/go4database.com/public_html/@core/vendor/laravel/framework/src/Illuminate/View/View.php(152): Illuminate\\View\\Engines\\CompilerEngine->get()
#23 /home/go4database.com/public_html/@core/vendor/laravel/framework/src/Illuminate/View/View.php(135): Illuminate\\View\\View->getContents()
#24 /home/go4database.com/public_html/@core/vendor/laravel/framework/src/Illuminate/View/View.php(104): Illuminate\\View\\View->renderContents()
#25 /home/go4database.com/public_html/@core/resources/views/frontend/pages/work/work-single.blade.php(120): Illuminate\\View\\View->render()
#26 /home/go4database.com/public_html/@core/vendor/laravel/framework/src/Illuminate/Filesystem/Filesystem.php(109): require('...')
#27 /home/go4database.com/public_html/@core/vendor/laravel/framework/src/Illuminate/Filesystem/Filesystem.php(110): Illuminate\\Filesystem\\Filesystem::Illuminate\\Filesystem\\{closure}()
#28 /home/go4database.com/public_html/@core/vendor/laravel/framework/src/Illuminate/View/Engines/PhpEngine.php(58): Illuminate\\Filesystem\\Filesystem->getRequire()
#29 /home/go4database.com/public_html/@core/vendor/laravel/framework/src/Illuminate/View/Engines/CompilerEngine.php(70): Illuminate\\View\\Engines\\PhpEngine->evaluatePath()
#30 /home/go4database.com/public_html/@core/vendor/laravel/framework/src/Illuminate/View/View.php(152): Illuminate\\View\\Engines\\CompilerEngine->get()
#31 /home/go4database.com/public_html/@core/vendor/laravel/framework/src/Illuminate/View/View.php(135): Illuminate\\View\\View->getContents()
#32 /home/go4database.com/public_html/@core/vendor/laravel/framework/src/Illuminate/View/View.php(104): Illuminate\\View\\View->renderContents()
#33 /home/go4database.com/public_html/@core/vendor/laravel/framework/src/Illuminate/Http/Response.php(69): Illuminate\\View\\View->render()
#34 /home/go4database.com/public_html/@core/vendor/laravel/framework/src/Illuminate/Http/Response.php(35): Illuminate\\Http\\Response->setContent()
#35 /home/go4database.com/public_html/@core/vendor/laravel/framework/src/Illuminate/Routing/Router.php(906): Illuminate\\Http\\Response->__construct()
#36 /home/go4database.com/public_html/@core/vendor/laravel/framework/src/Illuminate/Routing/Router.php(875): Illuminate\\Routing\\Router::toResponse()
#37 /home/go4database.com/public_html/@core/vendor/laravel/framework/src/Illuminate/Routing/Router.php(797): Illuminate\\Routing\\Router->prepareResponse()
#38 /home/go4database.com/public_html/@core/vendor/laravel/framework/src/Illuminate/Pipeline/Pipeline.php(141): Illuminate\\Routing\\Router->Illuminate\\Routing\\{closure}()
#39 /home/go4database.com/public_html/@core/app/Http/Middleware/HtmlMinifier.php(13): Illuminate\\Pipeline\\Pipeline->Illuminate\\Pipeline\\{closure}()
#40 /home/go4database.com/public_html/@core/vendor/laravel/framework/src/Illuminate/Pipeline/Pipeline.php(180): App\\Http\\Middleware\\HtmlMinifier->handle()
#41 /home/go4database.com/public_html/@core/app/Http/Middleware/MaintainsMode.php(22): Illuminate\\Pipeline\\Pipeline->Illuminate\\Pipeline\\{closure}()
#42 /home/go4database.com/public_html/@core/vendor/laravel/framework/src/Illuminate/Pipeline/Pipeline.php(180): App\\Http\\Middleware\\MaintainsMode->handle()
#43 /home/go4database.com/public_html/@core/app/Http/Middleware/GlobalVariableMiddleware.php(145): Illuminate\\Pipeline\\Pipeline->Illuminate\\Pipeline\\{closure}()
#44 /home/go4database.com/public_html/@core/vendor/laravel/framework/src/Illuminate/Pipeline/Pipeline.php(180): App\\Http\\Middleware\\GlobalVariableMiddleware->handle()
#45 /home/go4database.com/public_html/@core/app/Http/Middleware/SetUserLanguages.php(35): Illuminate\\Pipeline\\Pipeline->Illuminate\\Pipeline\\{closure}()
#46 /home/go4database.com/public_html/@core/vendor/laravel/framework/src/Illuminate/Pipeline/Pipeline.php(180): App\\Http\\Middleware\\SetUserLanguages->handle()
#47 /home/go4database.com/public_html/@core/app/Http/Middleware/RemoveTrailingSlash.php(33): Illuminate\\Pipeline\\Pipeline->Illuminate\\Pipeline\\{closure}()
#48 /home/go4database.com/public_html/@core/vendor/laravel/framework/src/Illuminate/Pipeline/Pipeline.php(180): App\\Http\\Middleware\\RemoveTrailingSlash->handle()
#49 /home/go4database.com/public_html/@core/vendor/laravel/framework/src/Illuminate/Routing/Middleware/SubstituteBindings.php(50): Illuminate\\Pipeline\\Pipeline->Illuminate\\Pipeline\\{closure}()
#50 /home/go4database.com/public_html/@core/vendor/laravel/framework/src/Illuminate/Pipeline/Pipeline.php(180): Illuminate\\Routing\\Middleware\\SubstituteBindings->handle()
#51 /home/go4database.com/public_html/@core/vendor/laravel/framework/src/Illuminate/Foundation/Http/Middleware/VerifyCsrfToken.php(78): Illuminate\\Pipeline\\Pipeline->Illuminate\\Pipeline\\{closure}()
#52 /home/go4database.com/public_html/@core/vendor/laravel/framework/src/Illuminate/Pipeline/Pipeline.php(180): Illuminate\\Foundation\\Http\\Middleware\\VerifyCsrfToken->handle()
#53 /home/go4database.com/public_html/@core/vendor/laravel/framework/src/Illuminate/View/Middleware/ShareErrorsFromSession.php(49): Illuminate\\Pipeline\\Pipeline->Illuminate\\Pipeline\\{closure}()
#54 /home/go4database.com/public_html/@core/vendor/laravel/framework/src/Illuminate/Pipeline/Pipeline.php(180): Illuminate\\View\\Middleware\\ShareErrorsFromSession->handle()
#55 /home/go4database.com/public_html/@core/vendor/laravel/framework/src/Illuminate/Session/Middleware/StartSession.php(121): Illuminate\\Pipeline\\Pipeline->Illuminate\\Pipeline\\{closure}()
#56 /home/go4database.com/public_html/@core/vendor/laravel/framework/src/Illuminate/Session/Middleware/StartSession.php(64): Illuminate\\Session\\Middleware\\StartSession->handleStatefulRequest()
#57 /home/go4database.com/public_html/@core/vendor/laravel/framework/src/Illuminate/Pipeline/Pipeline.php(180): Illuminate\\Session\\Middleware\\StartSession->handle()
#58 /home/go4database.com/public_html/@core/vendor/laravel/framework/src/Illuminate/Cookie/Middleware/AddQueuedCookiesToResponse.php(37): Illuminate\\Pipeline\\Pipeline->Illuminate\\Pipeline\\{closure}()
#59 /home/go4database.com/public_html/@core/vendor/laravel/framework/src/Illuminate/Pipeline/Pipeline.php(180): Illuminate\\Cookie\\Middleware\\AddQueuedCookiesToResponse->handle()
#60 /home/go4database.com/public_html/@core/vendor/laravel/framework/src/Illuminate/Cookie/Middleware/EncryptCookies.php(67): Illuminate\\Pipeline\\Pipeline->Illuminate\\Pipeline\\{closure}()
#61 /home/go4database.com/public_html/@core/vendor/laravel/framework/src/Illuminate/Pipeline/Pipeline.php(180): Illuminate\\Cookie\\Middleware\\EncryptCookies->handle()
#62 /home/go4database.com/public_html/@core/vendor/laravel/framework/src/Illuminate/Pipeline/Pipeline.php(116): Illuminate\\Pipeline\\Pipeline->Illuminate\\Pipeline\\{closure}()
#63 /home/go4database.com/public_html/@core/vendor/laravel/framework/src/Illuminate/Routing/Router.php(797): Illuminate\\Pipeline\\Pipeline->then()
#64 /home/go4database.com/public_html/@core/vendor/laravel/framework/src/Illuminate/Routing/Router.php(776): Illuminate\\Routing\\Router->runRouteWithinStack()
#65 /home/go4database.com/public_html/@core/vendor/laravel/framework/src/Illuminate/Routing/Router.php(740): Illuminate\\Routing\\Router->runRoute()
#66 /home/go4database.com/public_html/@core/vendor/laravel/framework/src/Illuminate/Routing/Router.php(729): Illuminate\\Routing\\Router->dispatchToRoute()
#67 /home/go4database.com/public_html/@core/vendor/laravel/framework/src/Illuminate/Foundation/Http/Kernel.php(190): Illuminate\\Routing\\Router->dispatch()
#68 /home/go4database.com/public_html/@core/vendor/laravel/framework/src/Illuminate/Pipeline/Pipeline.php(141): Illuminate\\Foundation\\Http\\Kernel->Illuminate\\Foundation\\Http\\{closure}()
#69 /home/go4database.com/public_html/@core/vendor/laravel/framework/src/Illuminate/Foundation/Http/Middleware/TransformsRequest.php(21): Illuminate\\Pipeline\\Pipeline->Illuminate\\Pipeline\\{closure}()
#70 /home/go4database.com/public_html/@core/vendor/laravel/framework/src/Illuminate/Foundation/Http/Middleware/ConvertEmptyStringsToNull.php(31): Illuminate\\Foundation\\Http\\Middleware\\TransformsRequest->handle()
#71 /home/go4database.com/public_html/@core/vendor/laravel/framework/src/Illuminate/Pipeline/Pipeline.php(180): Illuminate\\Foundation\\Http\\Middleware\\ConvertEmptyStringsToNull->handle()
#72 /home/go4database.com/public_html/@core/vendor/laravel/framework/src/Illuminate/Foundation/Http/Middleware/TransformsRequest.php(21): Illuminate\\Pipeline\\Pipeline->Illuminate\\Pipeline\\{closure}()
#73 /home/go4database.com/public_html/@core/vendor/laravel/framework/src/Illuminate/Foundation/Http/Middleware/TrimStrings.php(40): Illuminate\\Foundation\\Http\\Middleware\\TransformsRequest->handle()
#74 /home/go4database.com/public_html/@core/vendor/laravel/framework/src/Illuminate/Pipeline/Pipeline.php(180): Illuminate\\Foundation\\Http\\Middleware\\TrimStrings->handle()
#75 /home/go4database.com/public_html/@core/vendor/laravel/framework/src/Illuminate/Foundation/Http/Middleware/ValidatePostSize.php(27): Illuminate\\Pipeline\\Pipeline->Illuminate\\Pipeline\\{closure}()
#76 /home/go4database.com/public_html/@core/vendor/laravel/framework/src/Illuminate/Pipeline/Pipeline.php(180): Illuminate\\Foundation\\Http\\Middleware\\ValidatePostSize->handle()
#77 /home/go4database.com/public_html/@core/vendor/laravel/framework/src/Illuminate/Foundation/Http/Middleware/PreventRequestsDuringMaintenance.php(86): Illuminate\\Pipeline\\Pipeline->Illuminate\\Pipeline\\{closure}()
#78 /home/go4database.com/public_html/@core/vendor/laravel/framework/src/Illuminate/Pipeline/Pipeline.php(180): Illuminate\\Foundation\\Http\\Middleware\\PreventRequestsDuringMaintenance->handle()
#79 /home/go4database.com/public_html/@core/vendor/fruitcake/laravel-cors/src/HandleCors.php(38): Illuminate\\Pipeline\\Pipeline->Illuminate\\Pipeline\\{closure}()
#80 /home/go4database.com/public_html/@core/vendor/laravel/framework/src/Illuminate/Pipeline/Pipeline.php(180): Fruitcake\\Cors\\HandleCors->handle()
#81 /home/go4database.com/public_html/@core/vendor/laravel/framework/src/Illuminate/Http/Middleware/TrustProxies.php(39): Illuminate\\Pipeline\\Pipeline->Illuminate\\Pipeline\\{closure}()
#82 /home/go4database.com/public_html/@core/vendor/laravel/framework/src/Illuminate/Pipeline/Pipeline.php(180): Illuminate\\Http\\Middleware\\TrustProxies->handle()
#83 /home/go4database.com/public_html/@core/vendor/laravel/framework/src/Illuminate/Pipeline/Pipeline.php(116): Illuminate\\Pipeline\\Pipeline->Illuminate\\Pipeline\\{closure}()
#84 /home/go4database.com/public_html/@core/vendor/laravel/framework/src/Illuminate/Foundation/Http/Kernel.php(165): Illuminate\\Pipeline\\Pipeline->then()
#85 /home/go4database.com/public_html/@core/vendor/laravel/framework/src/Illuminate/Foundation/Http/Kernel.php(134): Illuminate\\Foundation\\Http\\Kernel->sendRequestThroughRouter()
#86 /home/go4database.com/public_html/index.php(58): Illuminate\\Foundation\\Http\\Kernel->handle()
#87 {main}

[previous exception] [object] (ErrorException(code: 0): Undefined variable $schemaGraph at /home/go4database.com/public_html/@core/storage/framework/views/221fcdb7e4a203ba0603243f02c9752c069f85ad.php:1015)
[stacktrace]
#0 /home/go4database.com/public_html/@core/vendor/laravel/framework/src/Illuminate/Foundation/Bootstrap/HandleExceptions.php(266): Illuminate\\Foundation\\Bootstrap\\HandleExceptions->handleError()
#1 /home/go4database.com/public_html/@core/storage/framework/views/221fcdb7e4a203ba0603243f02c9752c069f85ad.php(1015): Illuminate\\Foundation\\Bootstrap\\HandleExceptions->Illuminate\\Foundation\\Bootstrap\\{closure}()
#2 /home/go4database.com/public_html/@core/vendor/laravel/framework/src/Illuminate/Filesystem/Filesystem.php(109): require('...')
#3 /home/go4database.com/public_html/@core/vendor/laravel/framework/src/Illuminate/Filesystem/Filesystem.php(110): Illuminate\\Filesystem\\Filesystem::Illuminate\\Filesystem\\{closure}()
#4 /home/go4database.com/public_html/@core/vendor/laravel/framework/src/Illuminate/View/Engines/PhpEngine.php(58): Illuminate\\Filesystem\\Filesystem->getRequire()
#5 /home/go4database.com/public_html/@core/vendor/laravel/framework/src/Illuminate/View/Engines/CompilerEngine.php(70): Illuminate\\View\\Engines\\PhpEngine->evaluatePath()
#6 /home/go4database.com/public_html/@core/vendor/laravel/framework/src/Illuminate/View/View.php(152): Illuminate\\View\\Engines\\CompilerEngine->get()
#7 /home/go4database.com/public_html/@core/vendor/laravel/framework/src/Illuminate/View/View.php(135): Illuminate\\View\\View->getContents()
#8 /home/go4database.com/public_html/@core/vendor/laravel/framework/src/Illuminate/View/View.php(104): Illuminate\\View\\View->renderContents()
#9 /home/go4database.com/public_html/@core/storage/framework/views/f32cb2db49a58a35455242ca81432863c5a7dcf2.php(99): Illuminate\\View\\View->render()
#10 /home/go4database.com/public_html/@core/vendor/laravel/framework/src/Illuminate/Filesystem/Filesystem.php(109): require('...')
#11 /home/go4database.com/public_html/@core/vendor/laravel/framework/src/Illuminate/Filesystem/Filesystem.php(110): Illuminate\\Filesystem\\Filesystem::Illuminate\\Filesystem\\{closure}()
#12 /home/go4database.com/public_html/@core/vendor/laravel/framework/src/Illuminate/View/Engines/PhpEngine.php(58): Illuminate\\Filesystem\\Filesystem->getRequire()
#13 /home/go4database.com/public_html/@core/vendor/laravel/framework/src/Illuminate/View/Engines/CompilerEngine.php(70): Illuminate\\View\\Engines\\PhpEngine->evaluatePath()
#14 /home/go4database.com/public_html/@core/vendor/laravel/framework/src/Illuminate/View/View.php(152): Illuminate\\View\\Engines\\CompilerEngine->get()
#15 /home/go4database.com/public_html/@core/vendor/laravel/framework/src/Illuminate/View/View.php(135): Illuminate\\View\\View->getContents()
#16 /home/go4database.com/public_html/@core/vendor/laravel/framework/src/Illuminate/View/View.php(104): Illuminate\\View\\View->renderContents()
#17 /home/go4database.com/public_html/@core/storage/framework/views/b5c5cb5450fea018ae94272147b0c51b472de20c.php(1): Illuminate\\View\\View->render()
#18 /home/go4database.com/public_html/@core/vendor/laravel/framework/src/Illuminate/Filesystem/Filesystem.php(109): require('...')
#19 /home/go4database.com/public_html/@core/vendor/laravel/framework/src/Illuminate/Filesystem/Filesystem.php(110): Illuminate\\Filesystem\\Filesystem::Illuminate\\Filesystem\\{closure}()
#20 /home/go4database.com/public_html/@core/vendor/laravel/framework/src/Illuminate/View/Engines/PhpEngine.php(58): Illuminate\\Filesystem\\Filesystem->getRequire()
#21 /home/go4database.com/public_html/@core/vendor/laravel/framework/src/Illuminate/View/Engines/CompilerEngine.php(70): Illuminate\\View\\Engines\\PhpEngine->evaluatePath()
#22 /home/go4database.com/public_html/@core/vendor/laravel/framework/src/Illuminate/View/View.php(152): Illuminate\\View\\Engines\\CompilerEngine->get()
#23 /home/go4database.com/public_html/@core/vendor/laravel/framework/src/Illuminate/View/View.php(135): Illuminate\\View\\View->getContents()
#24 /home/go4database.com/public_html/@core/vendor/laravel/framework/src/Illuminate/View/View.php(104): Illuminate\\View\\View->renderContents()
#25 /home/go4database.com/public_html/@core/storage/framework/views/56a6d0adf64e4d2f1ff44635206d14308d634643.php(130): Illuminate\\View\\View->render()
#26 /home/go4database.com/public_html/@core/vendor/laravel/framework/src/Illuminate/Filesystem/Filesystem.php(109): require('...')
#27 /home/go4database.com/public_html/@core/vendor/laravel/framework/src/Illuminate/Filesystem/Filesystem.php(110): Illuminate\\Filesystem\\Filesystem::Illuminate\\Filesystem\\{closure}()
#28 /home/go4database.com/public_html/@core/vendor/laravel/framework/src/Illuminate/View/Engines/PhpEngine.php(58): Illuminate\\Filesystem\\Filesystem->getRequire()
#29 /home/go4database.com/public_html/@core/vendor/laravel/framework/src/Illuminate/View/Engines/CompilerEngine.php(70): Illuminate\\View\\Engines\\PhpEngine->evaluatePath()
#30 /home/go4database.com/public_html/@core/vendor/laravel/framework/src/Illuminate/View/View.php(152): Illuminate\\View\\Engines\\CompilerEngine->get()
#31 /home/go4database.com/public_html/@core/vendor/laravel/framework/src/Illuminate/View/View.php(135): Illuminate\\View\\View->getContents()
#32 /home/go4database.com/public_html/@core/vendor/laravel/framework/src/Illuminate/View/View.php(104): Illuminate\\View\\View->renderContents()
#33 /home/go4database.com/public_html/@core/vendor/laravel/framework/src/Illuminate/Http/Response.php(69): Illuminate\\View\\View->render()
#34 /home/go4database.com/public_html/@core/vendor/laravel/framework/src/Illuminate/Http/Response.php(35): Illuminate\\Http\\Response->setContent()
#35 /home/go4database.com/public_html/@core/vendor/laravel/framework/src/Illuminate/Routing/Router.php(906): Illuminate\\Http\\Response->__construct()
#36 /home/go4database.com/public_html/@core/vendor/laravel/framework/src/Illuminate/Routing/Router.php(875): Illuminate\\Routing\\Router::toResponse()
#37 /home/go4database.com/public_html/@core/vendor/laravel/framework/src/Illuminate/Routing/Router.php(797): Illuminate\\Routing\\Router->prepareResponse()
#38 /home/go4database.com/public_html/@core/vendor/laravel/framework/src/Illuminate/Pipeline/Pipeline.php(141): Illuminate\\Routing\\Router->Illuminate\\Routing\\{closure}()
#39 /home/go4database.com/public_html/@core/app/Http/Middleware/HtmlMinifier.php(13): Illuminate\\Pipeline\\Pipeline->Illuminate\\Pipeline\\{closure}()
#40 /home/go4database.com/public_html/@core/vendor/laravel/framework/src/Illuminate/Pipeline/Pipeline.php(180): App\\Http\\Middleware\\HtmlMinifier->handle()
#41 /home/go4database.com/public_html/@core/app/Http/Middleware/MaintainsMode.php(22): Illuminate\\Pipeline\\Pipeline->Illuminate\\Pipeline\\{closure}()
#42 /home/go4database.com/public_html/@core/vendor/laravel/framework/src/Illuminate/Pipeline/Pipeline.php(180): App\\Http\\Middleware\\MaintainsMode->handle()
#43 /home/go4database.com/public_html/@core/app/Http/Middleware/GlobalVariableMiddleware.php(145): Illuminate\\Pipeline\\Pipeline->Illuminate\\Pipeline\\{closure}()
#44 /home/go4database.com/public_html/@core/vendor/laravel/framework/src/Illuminate/Pipeline/Pipeline.php(180): App\\Http\\Middleware\\GlobalVariableMiddleware->handle()
#45 /home/go4database.com/public_html/@core/app/Http/Middleware/SetUserLanguages.php(35): Illuminate\\Pipeline\\Pipeline->Illuminate\\Pipeline\\{closure}()
#46 /home/go4database.com/public_html/@core/vendor/laravel/framework/src/Illuminate/Pipeline/Pipeline.php(180): App\\Http\\Middleware\\SetUserLanguages->handle()
#47 /home/go4database.com/public_html/@core/app/Http/Middleware/RemoveTrailingSlash.php(33): Illuminate\\Pipeline\\Pipeline->Illuminate\\Pipeline\\{closure}()
#48 /home/go4database.com/public_html/@core/vendor/laravel/framework/src/Illuminate/Pipeline/Pipeline.php(180): App\\Http\\Middleware\\RemoveTrailingSlash->handle()
#49 /home/go4database.com/public_html/@core/vendor/laravel/framework/src/Illuminate/Routing/Middleware/SubstituteBindings.php(50): Illuminate\\Pipeline\\Pipeline->Illuminate\\Pipeline\\{closure}()
#50 /home/go4database.com/public_html/@core/vendor/laravel/framework/src/Illuminate/Pipeline/Pipeline.php(180): Illuminate\\Routing\\Middleware\\SubstituteBindings->handle()
#51 /home/go4database.com/public_html/@core/vendor/laravel/framework/src/Illuminate/Foundation/Http/Middleware/VerifyCsrfToken.php(78): Illuminate\\Pipeline\\Pipeline->Illuminate\\Pipeline\\{closure}()
#52 /home/go4database.com/public_html/@core/vendor/laravel/framework/src/Illuminate/Pipeline/Pipeline.php(180): Illuminate\\Foundation\\Http\\Middleware\\VerifyCsrfToken->handle()
#53 /home/go4database.com/public_html/@core/vendor/laravel/framework/src/Illuminate/View/Middleware/ShareErrorsFromSession.php(49): Illuminate\\Pipeline\\Pipeline->Illuminate\\Pipeline\\{closure}()
#54 /home/go4database.com/public_html/@core/vendor/laravel/framework/src/Illuminate/Pipeline/Pipeline.php(180): Illuminate\\View\\Middleware\\ShareErrorsFromSession->handle()
#55 /home/go4database.com/public_html/@core/vendor/laravel/framework/src/Illuminate/Session/Middleware/StartSession.php(121): Illuminate\\Pipeline\\Pipeline->Illuminate\\Pipeline\\{closure}()
#56 /home/go4database.com/public_html/@core/vendor/laravel/framework/src/Illuminate/Session/Middleware/StartSession.php(64): Illuminate\\Session\\Middleware\\StartSession->handleStatefulRequest()
#57 /home/go4database.com/public_html/@core/vendor/laravel/framework/src/Illuminate/Pipeline/Pipeline.php(180): Illuminate\\Session\\Middleware\\StartSession->handle()
#58 /home/go4database.com/public_html/@core/vendor/laravel/framework/src/Illuminate/Cookie/Middleware/AddQueuedCookiesToResponse.php(37): Illuminate\\Pipeline\\Pipeline->Illuminate\\Pipeline\\{closure}()
#59 /home/go4database.com/public_html/@core/vendor/laravel/framework/src/Illuminate/Pipeline/Pipeline.php(180): Illuminate\\Cookie\\Middleware\\AddQueuedCookiesToResponse->handle()
#60 /home/go4database.com/public_html/@core/vendor/laravel/framework/src/Illuminate/Cookie/Middleware/EncryptCookies.php(67): Illuminate\\Pipeline\\Pipeline->Illuminate\\Pipeline\\{closure}()
#61 /home/go4database.com/public_html/@core/vendor/laravel/framework/src/Illuminate/Pipeline/Pipeline.php(180): Illuminate\\Cookie\\Middleware\\EncryptCookies->handle()
#62 /home/go4database.com/public_html/@core/vendor/laravel/framework/src/Illuminate/Pipeline/Pipeline.php(116): Illuminate\\Pipeline\\Pipeline->Illuminate\\Pipeline\\{closure}()
#63 /home/go4database.com/public_html/@core/vendor/laravel/framework/src/Illuminate/Routing/Router.php(797): Illuminate\\Pipeline\\Pipeline->then()
#64 /home/go4database.com/public_html/@core/vendor/laravel/framework/src/Illuminate/Routing/Router.php(776): Illuminate\\Routing\\Router->runRouteWithinStack()
#65 /home/go4database.com/public_html/@core/vendor/laravel/framework/src/Illuminate/Routing/Router.php(740): Illuminate\\Routing\\Router->runRoute()
#66 /home/go4database.com/public_html/@core/vendor/laravel/framework/src/Illuminate/Routing/Router.php(729): Illuminate\\Routing\\Router->dispatchToRoute()
#67 /home/go4database.com/public_html/@core/vendor/laravel/framework/src/Illuminate/Foundation/Http/Kernel.php(190): Illuminate\\Routing\\Router->dispatch()
#68 /home/go4database.com/public_html/@core/vendor/laravel/framework/src/Illuminate/Pipeline/Pipeline.php(141): Illuminate\\Foundation\\Http\\Kernel->Illuminate\\Foundation\\Http\\{closure}()
#69 /home/go4database.com/public_html/@core/vendor/laravel/framework/src/Illuminate/Foundation/Http/Middleware/TransformsRequest.php(21): Illuminate\\Pipeline\\Pipeline->Illuminate\\Pipeline\\{closure}()
#70 /home/go4database.com/public_html/@core/vendor/laravel/framework/src/Illuminate/Foundation/Http/Middleware/ConvertEmptyStringsToNull.php(31): Illuminate\\Foundation\\Http\\Middleware\\TransformsRequest->handle()
#71 /home/go4database.com/public_html/@core/vendor/laravel/framework/src/Illuminate/Pipeline/Pipeline.php(180): Illuminate\\Foundation\\Http\\Middleware\\ConvertEmptyStringsToNull->handle()
#72 /home/go4database.com/public_html/@core/vendor/laravel/framework/src/Illuminate/Foundation/Http/Middleware/TransformsRequest.php(21): Illuminate\\Pipeline\\Pipeline->Illuminate\\Pipeline\\{closure}()
#73 /home/go4database.com/public_html/@core/vendor/laravel/framework/src/Illuminate/Foundation/Http/Middleware/TrimStrings.php(40): Illuminate\\Foundation\\Http\\Middleware\\TransformsRequest->handle()
#74 /home/go4database.com/public_html/@core/vendor/laravel/framework/src/Illuminate/Pipeline/Pipeline.php(180): Illuminate\\Foundation\\Http\\Middleware\\TrimStrings->handle()
#75 /home/go4database.com/public_html/@core/vendor/laravel/framework/src/Illuminate/Foundation/Http/Middleware/ValidatePostSize.php(27): Illuminate\\Pipeline\\Pipeline->Illuminate\\Pipeline\\{closure}()
#76 /home/go4database.com/public_html/@core/vendor/laravel/framework/src/Illuminate/Pipeline/Pipeline.php(180): Illuminate\\Foundation\\Http\\Middleware\\ValidatePostSize->handle()
#77 /home/go4database.com/public_html/@core/vendor/laravel/framework/src/Illuminate/Foundation/Http/Middleware/PreventRequestsDuringMaintenance.php(86): Illuminate\\Pipeline\\Pipeline->Illuminate\\Pipeline\\{closure}()
#78 /home/go4database.com/public_html/@core/vendor/laravel/framework/src/Illuminate/Pipeline/Pipeline.php(180): Illuminate\\Foundation\\Http\\Middleware\\PreventRequestsDuringMaintenance->handle()
#79 /home/go4database.com/public_html/@core/vendor/fruitcake/laravel-cors/src/HandleCors.php(38): Illuminate\\Pipeline\\Pipeline->Illuminate\\Pipeline\\{closure}()
#80 /home/go4database.com/public_html/@core/vendor/laravel/framework/src/Illuminate/Pipeline/Pipeline.php(180): Fruitcake\\Cors\\HandleCors->handle()
#81 /home/go4database.com/public_html/@core/vendor/laravel/framework/src/Illuminate/Http/Middleware/TrustProxies.php(39): Illuminate\\Pipeline\\Pipeline->Illuminate\\Pipeline\\{closure}()
#82 /home/go4database.com/public_html/@core/vendor/laravel/framework/src/Illuminate/Pipeline/Pipeline.php(180): Illuminate\\Http\\Middleware\\TrustProxies->handle()
#83 /home/go4database.com/public_html/@core/vendor/laravel/framework/src/Illuminate/Pipeline/Pipeline.php(116): Illuminate\\Pipeline\\Pipeline->Illuminate\\Pipeline\\{closure}()
#84 /home/go4database.com/public_html/@core/vendor/laravel/framework/src/Illuminate/Foundation/Http/Kernel.php(165): Illuminate\\Pipeline\\Pipeline->then()
#85 /home/go4database.com/public_html/@core/vendor/laravel/framework/src/Illuminate/Foundation/Http/Kernel.php(134): Illuminate\\Foundation\\Http\\Kernel->sendRequestThroughRouter()
#86 /home/go4database.com/public_html/index.php(58): Illuminate\\Foundation\\Http\\Kernel->handle()
#87 {main}
"} 
[2026-09-15 09:02:13] local.ERROR: Undefined variable $schemaGraph {"view":{"view":"/home/go4database.com/public_html/@core/resources/views/frontend/partials/og-meta.blade.php","data":[]},"exception":"[object] (Spatie\\LaravelIgnition\\Exceptions\\ViewException(code: 0): Undefined variable $schemaGraph at /home/go4database.com/public_html/@core/resources/views/frontend/partials/og-meta.blade.php:954)
[stacktrace]
#0 /home/go4database.com/public_html/@core/vendor/laravel/framework/src/Illuminate/Foundation/Bootstrap/HandleExceptions.php(266): Illuminate\\Foundation\\Bootstrap\\HandleExceptions->handleError()
#1 /home/go4database.com/public_html/@core/resources/views/frontend/partials/og-meta.blade.php(954): Illuminate\\Foundation\\Bootstrap\\HandleExceptions->Illuminate\\Foundation\\Bootstrap\\{closure}()
#2 /home/go4database.com/public_html/@core/vendor/laravel/framework/src/Illuminate/Filesystem/Filesystem.php(109): require('...')
#3 /home/go4database.com/public_html/@core/vendor/laravel/framework/src/Illuminate/Filesystem/Filesystem.php(110): Illuminate\\Filesystem\\Filesystem::Illuminate\\Filesystem\\{closure}()
#4 /home/go4database.com/public_html/@core/vendor/laravel/framework/src/Illuminate/View/Engines/PhpEngine.php(58): Illuminate\\Filesystem\\Filesystem->getRequire()
#5 /home/go4database.com/public_html/@core/vendor/laravel/framework/src/Illuminate/View/Engines/CompilerEngine.php(70): Illuminate\\View\\Engines\\PhpEngine->evaluatePath()
#6 /home/go4database.com/public_html/@core/vendor/laravel/framework/src/Illuminate/View/View.php(152): Illuminate\\View\\Engines\\CompilerEngine->get()
#7 /home/go4database.com/public_html/@core/vendor/laravel/framework/src/Illuminate/View/View.php(135): Illuminate\\View\\View->getContents()
#8 /home/go4database.com/public_html/@core/vendor/laravel/framework/src/Illuminate/View/View.php(104): Illuminate\\View\\View->renderContents()
#9 /home/go4database.com/public_html/@core/resources/views/frontend/partials/header.blade.php(97): Illuminate\\View\\View->render()
#10 /home/go4database.com/public_html/@core/vendor/laravel/framework/src/Illuminate/Filesystem/Filesystem.php(109): require('...')
#11 /home/go4database.com/public_html/@core/vendor/laravel/framework/src/Illuminate/Filesystem/Filesystem.php(110): Illuminate\\Filesystem\\Filesystem::Illuminate\\Filesystem\\{closure}()
#12 /home/go4database.com/public_html/@core/vendor/laravel/framework/src/Illuminate/View/Engines/PhpEngine.php(58): Illuminate\\Filesystem\\Filesystem->getRequire()
#13 /home/go4database.com/public_html/@core/vendor/laravel/framework/src/Illuminate/View/Engines/CompilerEngine.php(70): Illuminate\\View\\Engines\\PhpEngine->evaluatePath()
#14 /home/go4database.com/public_html/@core/vendor/laravel/framework/src/Illuminate/View/View.php(152): Illuminate\\View\\Engines\\CompilerEngine->get()
#15 /home/go4database.com/public_html/@core/vendor/laravel/framework/src/Illuminate/View/View.php(135): Illuminate\\View\\View->getContents()
#16 /home/go4database.com/public_html/@core/vendor/laravel/framework/src/Illuminate/View/View.php(104): Illuminate\\View\\View->renderContents()
#17 /home/go4database.com/public_html/@core/resources/views/frontend/frontend-page-master.blade.php(1): Illuminate\\View\\View->render()
#18 /home/go4database.com/public_html/@core/vendor/laravel/framework/src/Illuminate/Filesystem/Filesystem.php(109): require('...')
#19 /home/go4database.com/public_html/@core/vendor/laravel/framework/src/Illuminate/Filesystem/Filesystem.php(110): Illuminate\\Filesystem\\Filesystem::Illuminate\\Filesystem\\{closure}()
#20 /home/go4database.com/public_html/@core/vendor/laravel/framework/src/Illuminate/View/Engines/PhpEngine.php(58): Illuminate\\Filesystem\\Filesystem->getRequire()
#21 /home/go4database.com/public_html/@core/vendor/laravel/framework/src/Illuminate/View/Engines/CompilerEngine.php(70): Illuminate\\View\\Engines\\PhpEngine->evaluatePath()
#22 /home/go4database.com/public_html/@core/vendor/laravel/framework/src/Illuminate/View/View.php(152): Illuminate\\View\\Engines\\CompilerEngine->get()
#23 /home/go4database.com/public_html/@core/vendor/laravel/framework/src/Illuminate/View/View.php(135): Illuminate\\View\\View->getContents()
#24 /home/go4database.com/public_html/@core/vendor/laravel/framework/src/Illuminate/View/View.php(104): Illuminate\\View\\View->renderContents()
#25 /home/go4database.com/public_html/@core/resources/views/frontend/pages/work/work-single.blade.php(120): Illuminate\\View\\View->render()
#26 /home/go4database.com/public_html/@core/vendor/laravel/framework/src/Illuminate/Filesystem/Filesystem.php(109): require('...')
#27 /home/go4database.com/public_html/@core/vendor/laravel/framework/src/Illuminate/Filesystem/Filesystem.php(110): Illuminate\\Filesystem\\Filesystem::Illuminate\\Filesystem\\{closure}()
#28 /home/go4database.com/public_html/@core/vendor/laravel/framework/src/Illuminate/View/Engines/PhpEngine.php(58): Illuminate\\Filesystem\\Filesystem->getRequire()
#29 /home/go4database.com/public_html/@core/vendor/laravel/framework/src/Illuminate/View/Engines/CompilerEngine.php(70): Illuminate\\View\\Engines\\PhpEngine->evaluatePath()
#30 /home/go4database.com/public_html/@core/vendor/laravel/framework/src/Illuminate/View/View.php(152): Illuminate\\View\\Engines\\CompilerEngine->get()
#31 /home/go4database.com/public_html/@core/vendor/laravel/framework/src/Illuminate/View/View.php(135): Illuminate\\View\\View->getContents()
#32 /home/go4database.com/public_html/@core/vendor/laravel/framework/src/Illuminate/View/View.php(104): Illuminate\\View\\View->renderContents()
#33 /home/go4database.com/public_html/@core/vendor/laravel/framework/src/Illuminate/Http/Response.php(69): Illuminate\\View\\View->render()
#34 /home/go4database.com/public_html/@core/vendor/laravel/framework/src/Illuminate/Http/Response.php(35): Illuminate\\Http\\Response->setContent()
#35 /home/go4database.com/public_html/@core/vendor/laravel/framework/src/Illuminate/Routing/Router.php(906): Illuminate\\Http\\Response->__construct()
#36 /home/go4database.com/public_html/@core/vendor/laravel/framework/src/Illuminate/Routing/Router.php(875): Illuminate\\Routing\\Router::toResponse()
#37 /home/go4database.com/public_html/@core/vendor/laravel/framework/src/Illuminate/Routing/Router.php(797): Illuminate\\Routing\\Router->prepareResponse()
#38 /home/go4database.com/public_html/@core/vendor/laravel/framework/src/Illuminate/Pipeline/Pipeline.php(141): Illuminate\\Routing\\Router->Illuminate\\Routing\\{closure}()
#39 /home/go4database.com/public_html/@core/app/Http/Middleware/HtmlMinifier.php(13): Illuminate\\Pipeline\\Pipeline->Illuminate\\Pipeline\\{closure}()
#40 /home/go4database.com/public_html/@core/vendor/laravel/framework/src/Illuminate/Pipeline/Pipeline.php(180): App\\Http\\Middleware\\HtmlMinifier->handle()
#41 /home/go4database.com/public_html/@core/app/Http/Middleware/MaintainsMode.php(22): Illuminate\\Pipeline\\Pipeline->Illuminate\\Pipeline\\{closure}()
#42 /home/go4database.com/public_html/@core/vendor/laravel/framework/src/Illuminate/Pipeline/Pipeline.php(180): App\\Http\\Middleware\\MaintainsMode->handle()
#43 /home/go4database.com/public_html/@core/app/Http/Middleware/GlobalVariableMiddleware.php(145): Illuminate\\Pipeline\\Pipeline->Illuminate\\Pipeline\\{closure}()
#44 /home/go4database.com/public_html/@core/vendor/laravel/framework/src/Illuminate/Pipeline/Pipeline.php(180): App\\Http\\Middleware\\GlobalVariableMiddleware->handle()
#45 /home/go4database.com/public_html/@core/app/Http/Middleware/SetUserLanguages.php(35): Illuminate\\Pipeline\\Pipeline->Illuminate\\Pipeline\\{closure}()
#46 /home/go4database.com/public_html/@core/vendor/laravel/framework/src/Illuminate/Pipeline/Pipeline.php(180): App\\Http\\Middleware\\SetUserLanguages->handle()
#47 /home/go4database.com/public_html/@core/app/Http/Middleware/RemoveTrailingSlash.php(33): Illuminate\\Pipeline\\Pipeline->Illuminate\\Pipeline\\{closure}()
#48 /home/go4database.com/public_html/@core/vendor/laravel/framework/src/Illuminate/Pipeline/Pipeline.php(180): App\\Http\\Middleware\\RemoveTrailingSlash->handle()
#49 /home/go4database.com/public_html/@core/vendor/laravel/framework/src/Illuminate/Routing/Middleware/SubstituteBindings.php(50): Illuminate\\Pipeline\\Pipeline->Illuminate\\Pipeline\\{closure}()
#50 /home/go4database.com/public_html/@core/vendor/laravel/framework/src/Illuminate/Pipeline/Pipeline.php(180): Illuminate\\Routing\\Middleware\\SubstituteBindings->handle()
#51 /home/go4database.com/public_html/@core/vendor/laravel/framework/src/Illuminate/Foundation/Http/Middleware/VerifyCsrfToken.php(78): Illuminate\\Pipeline\\Pipeline->Illuminate\\Pipeline\\{closure}()
#52 /home/go4database.com/public_html/@core/vendor/laravel/framework/src/Illuminate/Pipeline/Pipeline.php(180): Illuminate\\Foundation\\Http\\Middleware\\VerifyCsrfToken->handle()
#53 /home/go4database.com/public_html/@core/vendor/laravel/framework/src/Illuminate/View/Middleware/ShareErrorsFromSession.php(49): Illuminate\\Pipeline\\Pipeline->Illuminate\\Pipeline\\{closure}()
#54 /home/go4database.com/public_html/@core/vendor/laravel/framework/src/Illuminate/Pipeline/Pipeline.php(180): Illuminate\\View\\Middleware\\ShareErrorsFromSession->handle()
#55 /home/go4database.com/public_html/@core/vendor/laravel/framework/src/Illuminate/Session/Middleware/StartSession.php(121): Illuminate\\Pipeline\\Pipeline->Illuminate\\Pipeline\\{closure}()
#56 /home/go4database.com/public_html/@core/vendor/laravel/framework/src/Illuminate/Session/Middleware/StartSession.php(64): Illuminate\\Session\\Middleware\\StartSession->handleStatefulRequest()
#57 /home/go4database.com/public_html/@core/vendor/laravel/framework/src/Illuminate/Pipeline/Pipeline.php(180): Illuminate\\Session\\Middleware\\StartSession->handle()
#58 /home/go4database.com/public_html/@core/vendor/laravel/framework/src/Illuminate/Cookie/Middleware/AddQueuedCookiesToResponse.php(37): Illuminate\\Pipeline\\Pipeline->Illuminate\\Pipeline\\{closure}()
#59 /home/go4database.com/public_html/@core/vendor/laravel/framework/src/Illuminate/Pipeline/Pipeline.php(180): Illuminate\\Cookie\\Middleware\\AddQueuedCookiesToResponse->handle()
#60 /home/go4database.com/public_html/@core/vendor/laravel/framework/src/Illuminate/Cookie/Middleware/EncryptCookies.php(67): Illuminate\\Pipeline\\Pipeline->Illuminate\\Pipeline\\{closure}()
#61 /home/go4database.com/public_html/@core/vendor/laravel/framework/src/Illuminate/Pipeline/Pipeline.php(180): Illuminate\\Cookie\\Middleware\\EncryptCookies->handle()
#62 /home/go4database.com/public_html/@core/vendor/laravel/framework/src/Illuminate/Pipeline/Pipeline.php(116): Illuminate\\Pipeline\\Pipeline->Illuminate\\Pipeline\\{closure}()
#63 /home/go4database.com/public_html/@core/vendor/laravel/framework/src/Illuminate/Routing/Router.php(797): Illuminate\\Pipeline\\Pipeline->then()
#64 /home/go4database.com/public_html/@core/vendor/laravel/framework/src/Illuminate/Routing/Router.php(776): Illuminate\\Routing\\Router->runRouteWithinStack()
#65 /home/go4database.com/public_html/@core/vendor/laravel/framework/src/Illuminate/Routing/Router.php(740): Illuminate\\Routing\\Router->runRoute()
#66 /home/go4database.com/public_html/@core/vendor/laravel/framework/src/Illuminate/Routing/Router.php(729): Illuminate\\Routing\\Router->dispatchToRoute()
#67 /home/go4database.com/public_html/@core/vendor/laravel/framework/src/Illuminate/Foundation/Http/Kernel.php(190): Illuminate\\Routing\\Router->dispatch()
#68 /home/go4database.com/public_html/@core/vendor/laravel/framework/src/Illuminate/Pipeline/Pipeline.php(141): Illuminate\\Foundation\\Http\\Kernel->Illuminate\\Foundation\\Http\\{closure}()
#69 /home/go4database.com/public_html/@core/vendor/laravel/framework/src/Illuminate/Foundation/Http/Middleware/TransformsRequest.php(21): Illuminate\\Pipeline\\Pipeline->Illuminate\\Pipeline\\{closure}()
#70 /home/go4database.com/public_html/@core/vendor/laravel/framework/src/Illuminate/Foundation/Http/Middleware/ConvertEmptyStringsToNull.php(31): Illuminate\\Foundation\\Http\\Middleware\\TransformsRequest->handle()
#71 /home/go4database.com/public_html/@core/vendor/laravel/framework/src/Illuminate/Pipeline/Pipeline.php(180): Illuminate\\Foundation\\Http\\Middleware\\ConvertEmptyStringsToNull->handle()
#72 /home/go4database.com/public_html/@core/vendor/laravel/framework/src/Illuminate/Foundation/Http/Middleware/TransformsRequest.php(21): Illuminate\\Pipeline\\Pipeline->Illuminate\\Pipeline\\{closure}()
#73 /home/go4database.com/public_html/@core/vendor/laravel/framework/src/Illuminate/Foundation/Http/Middleware/TrimStrings.php(40): Illuminate\\Foundation\\Http\\Middleware\\TransformsRequest->handle()
#74 /home/go4database.com/public_html/@core/vendor/laravel/framework/src/Illuminate/Pipeline/Pipeline.php(180): Illuminate\\Foundation\\Http\\Middleware\\TrimStrings->handle()
#75 /home/go4database.com/public_html/@core/vendor/laravel/framework/src/Illuminate/Foundation/Http/Middleware/ValidatePostSize.php(27): Illuminate\\Pipeline\\Pipeline->Illuminate\\Pipeline\\{closure}()
#76 /home/go4database.com/public_html/@core/vendor/laravel/framework/src/Illuminate/Pipeline/Pipeline.php(180): Illuminate\\Foundation\\Http\\Middleware\\ValidatePostSize->handle()
#77 /home/go4database.com/public_html/@core/vendor/laravel/framework/src/Illuminate/Foundation/Http/Middleware/PreventRequestsDuringMaintenance.php(86): Illuminate\\Pipeline\\Pipeline->Illuminate\\Pipeline\\{closure}()
#78 /home/go4database.com/public_html/@core/vendor/laravel/framework/src/Illuminate/Pipeline/Pipeline.php(180): Illuminate\\Foundation\\Http\\Middleware\\PreventRequestsDuringMaintenance->handle()
#79 /home/go4database.com/public_html/@core/vendor/fruitcake/laravel-cors/src/HandleCors.php(38): Illuminate\\Pipeline\\Pipeline->Illuminate\\Pipeline\\{closure}()
#80 /home/go4database.com/public_html/@core/vendor/laravel/framework/src/Illuminate/Pipeline/Pipeline.php(180): Fruitcake\\Cors\\HandleCors->handle()
#81 /home/go4database.com/public_html/@core/vendor/laravel/framework/src/Illuminate/Http/Middleware/TrustProxies.php(39): Illuminate\\Pipeline\\Pipeline->Illuminate\\Pipeline\\{closure}()
#82 /home/go4database.com/public_html/@core/vendor/laravel/framework/src/Illuminate/Pipeline/Pipeline.php(180): Illuminate\\Http\\Middleware\\TrustProxies->handle()
#83 /home/go4database.com/public_html/@core/vendor/laravel/framework/src/Illuminate/Pipeline/Pipeline.php(116): Illuminate\\Pipeline\\Pipeline->Illuminate\\Pipeline\\{closure}()
#84 /home/go4database.com/public_html/@core/vendor/laravel/framework/src/Illuminate/Foundation/Http/Kernel.php(165): Illuminate\\Pipeline\\Pipeline->then()
#85 /home/go4database.com/public_html/@core/vendor/laravel/framework/src/Illuminate/Foundation/Http/Kernel.php(134): Illuminate\\Foundation\\Http\\Kernel->sendRequestThroughRouter()
#86 /home/go4database.com/public_html/index.php(58): Illuminate\\Foundation\\Http\\Kernel->handle()
#87 {main}

[previous exception] [object] (ErrorException(code: 0): Undefined variable $schemaGraph at /home/go4database.com/public_html/@core/storage/framework/views/221fcdb7e4a203ba0603243f02c9752c069f85ad.php:1015)
[stacktrace]
#0 /home/go4database.com/public_html/@core/vendor/laravel/framework/src/Illuminate/Foundation/Bootstrap/HandleExceptions.php(266): Illuminate\\Foundation\\Bootstrap\\HandleExceptions->handleError()
#1 /home/go4database.com/public_html/@core/storage/framework/views/221fcdb7e4a203ba0603243f02c9752c069f85ad.php(1015): Illuminate\\Foundation\\Bootstrap\\HandleExceptions->Illuminate\\Foundation\\Bootstrap\\{closure}()
#2 /home/go4database.com/public_html/@core/vendor/laravel/framework/src/Illuminate/Filesystem/Filesystem.php(109): require('...')
#3 /home/go4database.com/public_html/@core/vendor/laravel/framework/src/Illuminate/Filesystem/Filesystem.php(110): Illuminate\\Filesystem\\Filesystem::Illuminate\\Filesystem\\{closure}()
#4 /home/go4database.com/public_html/@core/vendor/laravel/framework/src/Illuminate/View/Engines/PhpEngine.php(58): Illuminate\\Filesystem\\Filesystem->getRequire()
#5 /home/go4database.com/public_html/@core/vendor/laravel/framework/src/Illuminate/View/Engines/CompilerEngine.php(70): Illuminate\\View\\Engines\\PhpEngine->evaluatePath()
#6 /home/go4database.com/public_html/@core/vendor/laravel/framework/src/Illuminate/View/View.php(152): Illuminate\\View\\Engines\\CompilerEngine->get()
#7 /home/go4database.com/public_html/@core/vendor/laravel/framework/src/Illuminate/View/View.php(135): Illuminate\\View\\View->getContents()
#8 /home/go4database.com/public_html/@core/vendor/laravel/framework/src/Illuminate/View/View.php(104): Illuminate\\View\\View->renderContents()
#9 /home/go4database.com/public_html/@core/storage/framework/views/f32cb2db49a58a35455242ca81432863c5a7dcf2.php(99): Illuminate\\View\\View->render()
#10 /home/go4database.com/public_html/@core/vendor/laravel/framework/src/Illuminate/Filesystem/Filesystem.php(109): require('...')
#11 /home/go4database.com/public_html/@core/vendor/laravel/framework/src/Illuminate/Filesystem/Filesystem.php(110): Illuminate\\Filesystem\\Filesystem::Illuminate\\Filesystem\\{closure}()
#12 /home/go4database.com/public_html/@core/vendor/laravel/framework/src/Illuminate/View/Engines/PhpEngine.php(58): Illuminate\\Filesystem\\Filesystem->getRequire()
#13 /home/go4database.com/public_html/@core/vendor/laravel/framework/src/Illuminate/View/Engines/CompilerEngine.php(70): Illuminate\\View\\Engines\\PhpEngine->evaluatePath()
#14 /home/go4database.com/public_html/@core/vendor/laravel/framework/src/Illuminate/View/View.php(152): Illuminate\\View\\Engines\\CompilerEngine->get()
#15 /home/go4database.com/public_html/@core/vendor/laravel/framework/src/Illuminate/View/View.php(135): Illuminate\\View\\View->getContents()
#16 /home/go4database.com/public_html/@core/vendor/laravel/framework/src/Illuminate/View/View.php(104): Illuminate\\View\\View->renderContents()
#17 /home/go4database.com/public_html/@core/storage/framework/views/b5c5cb5450fea018ae94272147b0c51b472de20c.php(1): Illuminate\\View\\View->render()
#18 /home/go4database.com/public_html/@core/vendor/laravel/framework/src/Illuminate/Filesystem/Filesystem.php(109): require('...')
#19 /home/go4database.com/public_html/@core/vendor/laravel/framework/src/Illuminate/Filesystem/Filesystem.php(110): Illuminate\\Filesystem\\Filesystem::Illuminate\\Filesystem\\{closure}()
#20 /home/go4database.com/public_html/@core/vendor/laravel/framework/src/Illuminate/View/Engines/PhpEngine.php(58): Illuminate\\Filesystem\\Filesystem->getRequire()
#21 /home/go4database.com/public_html/@core/vendor/laravel/framework/src/Illuminate/View/Engines/CompilerEngine.php(70): Illuminate\\View\\Engines\\PhpEngine->evaluatePath()
#22 /home/go4database.com/public_html/@core/vendor/laravel/framework/src/Illuminate/View/View.php(152): Illuminate\\View\\Engines\\CompilerEngine->get()
#23 /home/go4database.com/public_html/@core/vendor/laravel/framework/src/Illuminate/View/View.php(135): Illuminate\\View\\View->getContents()
#24 /home/go4database.com/public_html/@core/vendor/laravel/framework/src/Illuminate/View/View.php(104): Illuminate\\View\\View->renderContents()
#25 /home/go4database.com/public_html/@core/storage/framework/views/56a6d0adf64e4d2f1ff44635206d14308d634643.php(130): Illuminate\\View\\View->render()
#26 /home/go4database.com/public_html/@core/vendor/laravel/framework/src/Illuminate/Filesystem/Filesystem.php(109): require('...')
#27 /home/go4database.com/public_html/@core/vendor/laravel/framework/src/Illuminate/Filesystem/Filesystem.php(110): Illuminate\\Filesystem\\Filesystem::Illuminate\\Filesystem\\{closure}()
#28 /home/go4database.com/public_html/@core/vendor/laravel/framework/src/Illuminate/View/Engines/PhpEngine.php(58): Illuminate\\Filesystem\\Filesystem->getRequire()
#29 /home/go4database.com/public_html/@core/vendor/laravel/framework/src/Illuminate/View/Engines/CompilerEngine.php(70): Illuminate\\View\\Engines\\PhpEngine->evaluatePath()
#30 /home/go4database.com/public_html/@core/vendor/laravel/framework/src/Illuminate/View/View.php(152): Illuminate\\View\\Engines\\CompilerEngine->get()
#31 /home/go4database.com/public_html/@core/vendor/laravel/framework/src/Illuminate/View/View.php(135): Illuminate\\View\\View->getContents()
#32 /home/go4database.com/public_html/@core/vendor/laravel/framework/src/Illuminate/View/View.php(104): Illuminate\\View\\View->renderContents()
#33 /home/go4database.com/public_html/@core/vendor/laravel/framework/src/Illuminate/Http/Response.php(69): Illuminate\\View\\View->render()
#34 /home/go4database.com/public_html/@core/vendor/laravel/framework/src/Illuminate/Http/Response.php(35): Illuminate\\Http\\Response->setContent()
#35 /home/go4database.com/public_html/@core/vendor/laravel/framework/src/Illuminate/Routing/Router.php(906): Illuminate\\Http\\Response->__construct()
#36 /home/go4database.com/public_html/@core/vendor/laravel/framework/src/Illuminate/Routing/Router.php(875): Illuminate\\Routing\\Router::toResponse()
#37 /home/go4database.com/public_html/@core/vendor/laravel/framework/src/Illuminate/Routing/Router.php(797): Illuminate\\Routing\\Router->prepareResponse()
#38 /home/go4database.com/public_html/@core/vendor/laravel/framework/src/Illuminate/Pipeline/Pipeline.php(141): Illuminate\\Routing\\Router->Illuminate\\Routing\\{closure}()
#39 /home/go4database.com/public_html/@core/app/Http/Middleware/HtmlMinifier.php(13): Illuminate\\Pipeline\\Pipeline->Illuminate\\Pipeline\\{closure}()
#40 /home/go4database.com/public_html/@core/vendor/laravel/framework/src/Illuminate/Pipeline/Pipeline.php(180): App\\Http\\Middleware\\HtmlMinifier->handle()
#41 /home/go4database.com/public_html/@core/app/Http/Middleware/MaintainsMode.php(22): Illuminate\\Pipeline\\Pipeline->Illuminate\\Pipeline\\{closure}()
#42 /home/go4database.com/public_html/@core/vendor/laravel/framework/src/Illuminate/Pipeline/Pipeline.php(180): App\\Http\\Middleware\\MaintainsMode->handle()
#43 /home/go4database.com/public_html/@core/app/Http/Middleware/GlobalVariableMiddleware.php(145): Illuminate\\Pipeline\\Pipeline->Illuminate\\Pipeline\\{closure}()
#44 /home/go4database.com/public_html/@core/vendor/laravel/framework/src/Illuminate/Pipeline/Pipeline.php(180): App\\Http\\Middleware\\GlobalVariableMiddleware->handle()
#45 /home/go4database.com/public_html/@core/app/Http/Middleware/SetUserLanguages.php(35): Illuminate\\Pipeline\\Pipeline->Illuminate\\Pipeline\\{closure}()
#46 /home/go4database.com/public_html/@core/vendor/laravel/framework/src/Illuminate/Pipeline/Pipeline.php(180): App\\Http\\Middleware\\SetUserLanguages->handle()
#47 /home/go4database.com/public_html/@core/app/Http/Middleware/RemoveTrailingSlash.php(33): Illuminate\\Pipeline\\Pipeline->Illuminate\\Pipeline\\{closure}()
#48 /home/go4database.com/public_html/@core/vendor/laravel/framework/src/Illuminate/Pipeline/Pipeline.php(180): App\\Http\\Middleware\\RemoveTrailingSlash->handle()
#49 /home/go4database.com/public_html/@core/vendor/laravel/framework/src/Illuminate/Routing/Middleware/SubstituteBindings.php(50): Illuminate\\Pipeline\\Pipeline->Illuminate\\Pipeline\\{closure}()
#50 /home/go4database.com/public_html/@core/vendor/laravel/framework/src/Illuminate/Pipeline/Pipeline.php(180): Illuminate\\Routing\\Middleware\\SubstituteBindings->handle()
#51 /home/go4database.com/public_html/@core/vendor/laravel/framework/src/Illuminate/Foundation/Http/Middleware/VerifyCsrfToken.php(78): Illuminate\\Pipeline\\Pipeline->Illuminate\\Pipeline\\{closure}()
#52 /home/go4database.com/public_html/@core/vendor/laravel/framework/src/Illuminate/Pipeline/Pipeline.php(180): Illuminate\\Foundation\\Http\\Middleware\\VerifyCsrfToken->handle()
#53 /home/go4database.com/public_html/@core/vendor/laravel/framework/src/Illuminate/View/Middleware/ShareErrorsFromSession.php(49): Illuminate\\Pipeline\\Pipeline->Illuminate\\Pipeline\\{closure}()
#54 /home/go4database.com/public_html/@core/vendor/laravel/framework/src/Illuminate/Pipeline/Pipeline.php(180): Illuminate\\View\\Middleware\\ShareErrorsFromSession->handle()
#55 /home/go4database.com/public_html/@core/vendor/laravel/framework/src/Illuminate/Session/Middleware/StartSession.php(121): Illuminate\\Pipeline\\Pipeline->Illuminate\\Pipeline\\{closure}()
#56 /home/go4database.com/public_html/@core/vendor/laravel/framework/src/Illuminate/Session/Middleware/StartSession.php(64): Illuminate\\Session\\Middleware\\StartSession->handleStatefulRequest()
#57 /home/go4database.com/public_html/@core/vendor/laravel/framework/src/Illuminate/Pipeline/Pipeline.php(180): Illuminate\\Session\\Middleware\\StartSession->handle()
#58 /home/go4database.com/public_html/@core/vendor/laravel/framework/src/Illuminate/Cookie/Middleware/AddQueuedCookiesToResponse.php(37): Illuminate\\Pipeline\\Pipeline->Illuminate\\Pipeline\\{closure}()
#59 /home/go4database.com/public_html/@core/vendor/laravel/framework/src/Illuminate/Pipeline/Pipeline.php(180): Illuminate\\Cookie\\Middleware\\AddQueuedCookiesToResponse->handle()
#60 /home/go4database.com/public_html/@core/vendor/laravel/framework/src/Illuminate/Cookie/Middleware/EncryptCookies.php(67): Illuminate\\Pipeline\\Pipeline->Illuminate\\Pipeline\\{closure}()
#61 /home/go4database.com/public_html/@core/vendor/laravel/framework/src/Illuminate/Pipeline/Pipeline.php(180): Illuminate\\Cookie\\Middleware\\EncryptCookies->handle()
#62 /home/go4database.com/public_html/@core/vendor/laravel/framework/src/Illuminate/Pipeline/Pipeline.php(116): Illuminate\\Pipeline\\Pipeline->Illuminate\\Pipeline\\{closure}()
#63 /home/go4database.com/public_html/@core/vendor/laravel/framework/src/Illuminate/Routing/Router.php(797): Illuminate\\Pipeline\\Pipeline->then()
#64 /home/go4database.com/public_html/@core/vendor/laravel/framework/src/Illuminate/Routing/Router.php(776): Illuminate\\Routing\\Router->runRouteWithinStack()
#65 /home/go4database.com/public_html/@core/vendor/laravel/framework/src/Illuminate/Routing/Router.php(740): Illuminate\\Routing\\Router->runRoute()
#66 /home/go4database.com/public_html/@core/vendor/laravel/framework/src/Illuminate/Routing/Router.php(729): Illuminate\\Routing\\Router->dispatchToRoute()
#67 /home/go4database.com/public_html/@core/vendor/laravel/framework/src/Illuminate/Foundation/Http/Kernel.php(190): Illuminate\\Routing\\Router->dispatch()
#68 /home/go4database.com/public_html/@core/vendor/laravel/framework/src/Illuminate/Pipeline/Pipeline.php(141): Illuminate\\Foundation\\Http\\Kernel->Illuminate\\Foundation\\Http\\{closure}()
#69 /home/go4database.com/public_html/@core/vendor/laravel/framework/src/Illuminate/Foundation/Http/Middleware/TransformsRequest.php(21): Illuminate\\Pipeline\\Pipeline->Illuminate\\Pipeline\\{closure}()
#70 /home/go4database.com/public_html/@core/vendor/laravel/framework/src/Illuminate/Foundation/Http/Middleware/ConvertEmptyStringsToNull.php(31): Illuminate\\Foundation\\Http\\Middleware\\TransformsRequest->handle()
#71 /home/go4database.com/public_html/@core/vendor/laravel/framework/src/Illuminate/Pipeline/Pipeline.php(180): Illuminate\\Foundation\\Http\\Middleware\\ConvertEmptyStringsToNull->handle()
#72 /home/go4database.com/public_html/@core/vendor/laravel/framework/src/Illuminate/Foundation/Http/Middleware/TransformsRequest.php(21): Illuminate\\Pipeline\\Pipeline->Illuminate\\Pipeline\\{closure}()
#73 /home/go4database.com/public_html/@core/vendor/laravel/framework/src/Illuminate/Foundation/Http/Middleware/TrimStrings.php(40): Illuminate\\Foundation\\Http\\Middleware\\TransformsRequest->handle()
#74 /home/go4database.com/public_html/@core/vendor/laravel/framework/src/Illuminate/Pipeline/Pipeline.php(180): Illuminate\\Foundation\\Http\\Middleware\\TrimStrings->handle()
#75 /home/go4database.com/public_html/@core/vendor/laravel/framework/src/Illuminate/Foundation/Http/Middleware/ValidatePostSize.php(27): Illuminate\\Pipeline\\Pipeline->Illuminate\\Pipeline\\{closure}()
#76 /home/go4database.com/public_html/@core/vendor/laravel/framework/src/Illuminate/Pipeline/Pipeline.php(180): Illuminate\\Foundation\\Http\\Middleware\\ValidatePostSize->handle()
#77 /home/go4database.com/public_html/@core/vendor/laravel/framework/src/Illuminate/Foundation/Http/Middleware/PreventRequestsDuringMaintenance.php(86): Illuminate\\Pipeline\\Pipeline->Illuminate\\Pipeline\\{closure}()
#78 /home/go4database.com/public_html/@core/vendor/laravel/framework/src/Illuminate/Pipeline/Pipeline.php(180): Illuminate\\Foundation\\Http\\Middleware\\PreventRequestsDuringMaintenance->handle()
#79 /home/go4database.com/public_html/@core/vendor/fruitcake/laravel-cors/src/HandleCors.php(38): Illuminate\\Pipeline\\Pipeline->Illuminate\\Pipeline\\{closure}()
#80 /home/go4database.com/public_html/@core/vendor/laravel/framework/src/Illuminate/Pipeline/Pipeline.php(180): Fruitcake\\Cors\\HandleCors->handle()
#81 /home/go4database.com/public_html/@core/vendor/laravel/framework/src/Illuminate/Http/Middleware/TrustProxies.php(39): Illuminate\\Pipeline\\Pipeline->Illuminate\\Pipeline\\{closure}()
#82 /home/go4database.com/public_html/@core/vendor/laravel/framework/src/Illuminate/Pipeline/Pipeline.php(180): Illuminate\\Http\\Middleware\\TrustProxies->handle()
#83 /home/go4database.com/public_html/@core/vendor/laravel/framework/src/Illuminate/Pipeline/Pipeline.php(116): Illuminate\\Pipeline\\Pipeline->Illuminate\\Pipeline\\{closure}()
#84 /home/go4database.com/public_html/@core/vendor/laravel/framework/src/Illuminate/Foundation/Http/Kernel.php(165): Illuminate\\Pipeline\\Pipeline->then()
#85 /home/go4database.com/public_html/@core/vendor/laravel/framework/src/Illuminate/Foundation/Http/Kernel.php(134): Illuminate\\Foundation\\Http\\Kernel->sendRequestThroughRouter()
#86 /home/go4database.com/public_html/index.php(58): Illuminate\\Foundation\\Http\\Kernel->handle()
#87 {main}
"} 
[2026-09-15 09:03:36] local.ERROR: Undefined variable $schemaGraph {"view":{"view":"/home/go4database.com/public_html/@core/resources/views/frontend/partials/og-meta.blade.php","data":[]},"exception":"[object] (Spatie\\LaravelIgnition\\Exceptions\\ViewException(code: 0): Undefined variable $schemaGraph at /home/go4database.com/public_html/@core/resources/views/frontend/partials/og-meta.blade.php:954)
[stacktrace]
#0 /home/go4database.com/public_html/@core/vendor/laravel/framework/src/Illuminate/Foundation/Bootstrap/HandleExceptions.php(266): Illuminate\\Foundation\\Bootstrap\\HandleExceptions->handleError()
#1 /home/go4database.com/public_html/@core/resources/views/frontend/partials/og-meta.blade.php(954): Illuminate\\Foundation\\Bootstrap\\HandleExceptions->Illuminate\\Foundation\\Bootstrap\\{closure}()
#2 /home/go4database.com/public_html/@core/vendor/laravel/framework/src/Illuminate/Filesystem/Filesystem.php(109): require('...')
#3 /home/go4database.com/public_html/@core/vendor/laravel/framework/src/Illuminate/Filesystem/Filesystem.php(110): Illuminate\\Filesystem\\Filesystem::Illuminate\\Filesystem\\{closure}()
#4 /home/go4database.com/public_html/@core/vendor/laravel/framework/src/Illuminate/View/Engines/PhpEngine.php(58): Illuminate\\Filesystem\\Filesystem->getRequire()
#5 /home/go4database.com/public_html/@core/vendor/laravel/framework/src/Illuminate/View/Engines/CompilerEngine.php(70): Illuminate\\View\\Engines\\PhpEngine->evaluatePath()
#6 /home/go4database.com/public_html/@core/vendor/laravel/framework/src/Illuminate/View/View.php(152): Illuminate\\View\\Engines\\CompilerEngine->get()
#7 /home/go4database.com/public_html/@core/vendor/laravel/framework/src/Illuminate/View/View.php(135): Illuminate\\View\\View->getContents()
#8 /home/go4database.com/public_html/@core/vendor/laravel/framework/src/Illuminate/View/View.php(104): Illuminate\\View\\View->renderContents()
#9 /home/go4database.com/public_html/@core/resources/views/frontend/partials/header.blade.php(97): Illuminate\\View\\View->render()
#10 /home/go4database.com/public_html/@core/vendor/laravel/framework/src/Illuminate/Filesystem/Filesystem.php(109): require('...')
#11 /home/go4database.com/public_html/@core/vendor/laravel/framework/src/Illuminate/Filesystem/Filesystem.php(110): Illuminate\\Filesystem\\Filesystem::Illuminate\\Filesystem\\{closure}()
#12 /home/go4database.com/public_html/@core/vendor/laravel/framework/src/Illuminate/View/Engines/PhpEngine.php(58): Illuminate\\Filesystem\\Filesystem->getRequire()
#13 /home/go4database.com/public_html/@core/vendor/laravel/framework/src/Illuminate/View/Engines/CompilerEngine.php(70): Illuminate\\View\\Engines\\PhpEngine->evaluatePath()
#14 /home/go4database.com/public_html/@core/vendor/laravel/framework/src/Illuminate/View/View.php(152): Illuminate\\View\\Engines\\CompilerEngine->get()
#15 /home/go4database.com/public_html/@core/vendor/laravel/framework/src/Illuminate/View/View.php(135): Illuminate\\View\\View->getContents()
#16 /home/go4database.com/public_html/@core/vendor/laravel/framework/src/Illuminate/View/View.php(104): Illuminate\\View\\View->renderContents()
#17 /home/go4database.com/public_html/@core/resources/views/frontend/frontend-page-master.blade.php(1): Illuminate\\View\\View->render()
#18 /home/go4database.com/public_html/@core/vendor/laravel/framework/src/Illuminate/Filesystem/Filesystem.php(109): require('...')
#19 /home/go4database.com/public_html/@core/vendor/laravel/framework/src/Illuminate/Filesystem/Filesystem.php(110): Illuminate\\Filesystem\\Filesystem::Illuminate\\Filesystem\\{closure}()
#20 /home/go4database.com/public_html/@core/vendor/laravel/framework/src/Illuminate/View/Engines/PhpEngine.php(58): Illuminate\\Filesystem\\Filesystem->getRequire()
#21 /home/go4database.com/public_html/@core/vendor/laravel/framework/src/Illuminate/View/Engines/CompilerEngine.php(70): Illuminate\\View\\Engines\\PhpEngine->evaluatePath()
#22 /home/go4database.com/public_html/@core/vendor/laravel/framework/src/Illuminate/View/View.php(152): Illuminate\\View\\Engines\\CompilerEngine->get()
#23 /home/go4database.com/public_html/@core/vendor/laravel/framework/src/Illuminate/View/View.php(135): Illuminate\\View\\View->getContents()
#24 /home/go4database.com/public_html/@core/vendor/laravel/framework/src/Illuminate/View/View.php(104): Illuminate\\View\\View->renderContents()
#25 /home/go4database.com/public_html/@core/resources/views/frontend/pages/work/work-single.blade.php(120): Illuminate\\View\\View->render()
#26 /home/go4database.com/public_html/@core/vendor/laravel/framework/src/Illuminate/Filesystem/Filesystem.php(109): require('...')
#27 /home/go4database.com/public_html/@core/vendor/laravel/framework/src/Illuminate/Filesystem/Filesystem.php(110): Illuminate\\Filesystem\\Filesystem::Illuminate\\Filesystem\\{closure}()
#28 /home/go4database.com/public_html/@core/vendor/laravel/framework/src/Illuminate/View/Engines/PhpEngine.php(58): Illuminate\\Filesystem\\Filesystem->getRequire()
#29 /home/go4database.com/public_html/@core/vendor/laravel/framework/src/Illuminate/View/Engines/CompilerEngine.php(70): Illuminate\\View\\Engines\\PhpEngine->evaluatePath()
#30 /home/go4database.com/public_html/@core/vendor/laravel/framework/src/Illuminate/View/View.php(152): Illuminate\\View\\Engines\\CompilerEngine->get()
#31 /home/go4database.com/public_html/@core/vendor/laravel/framework/src/Illuminate/View/View.php(135): Illuminate\\View\\View->getContents()
#32 /home/go4database.com/public_html/@core/vendor/laravel/framework/src/Illuminate/View/View.php(104): Illuminate\\View\\View->renderContents()
#33 /home/go4database.com/public_html/@core/vendor/laravel/framework/src/Illuminate/Http/Response.php(69): Illuminate\\View\\View->render()
#34 /home/go4database.com/public_html/@core/vendor/laravel/framework/src/Illuminate/Http/Response.php(35): Illuminate\\Http\\Response->setContent()
#35 /home/go4database.com/public_html/@core/vendor/laravel/framework/src/Illuminate/Routing/Router.php(906): Illuminate\\Http\\Response->__construct()
#36 /home/go4database.com/public_html/@core/vendor/laravel/framework/src/Illuminate/Routing/Router.php(875): Illuminate\\Routing\\Router::toResponse()
#37 /home/go4database.com/public_html/@core/vendor/laravel/framework/src/Illuminate/Routing/Router.php(797): Illuminate\\Routing\\Router->prepareResponse()
#38 /home/go4database.com/public_html/@core/vendor/laravel/framework/src/Illuminate/Pipeline/Pipeline.php(141): Illuminate\\Routing\\Router->Illuminate\\Routing\\{closure}()
#39 /home/go4database.com/public_html/@core/app/Http/Middleware/HtmlMinifier.php(13): Illuminate\\Pipeline\\Pipeline->Illuminate\\Pipeline\\{closure}()
#40 /home/go4database.com/public_html/@core/vendor/laravel/framework/src/Illuminate/Pipeline/Pipeline.php(180): App\\Http\\Middleware\\HtmlMinifier->handle()
#41 /home/go4database.com/public_html/@core/app/Http/Middleware/MaintainsMode.php(22): Illuminate\\Pipeline\\Pipeline->Illuminate\\Pipeline\\{closure}()
#42 /home/go4database.com/public_html/@core/vendor/laravel/framework/src/Illuminate/Pipeline/Pipeline.php(180): App\\Http\\Middleware\\MaintainsMode->handle()
#43 /home/go4database.com/public_html/@core/app/Http/Middleware/GlobalVariableMiddleware.php(145): Illuminate\\Pipeline\\Pipeline->Illuminate\\Pipeline\\{closure}()
#44 /home/go4database.com/public_html/@core/vendor/laravel/framework/src/Illuminate/Pipeline/Pipeline.php(180): App\\Http\\Middleware\\GlobalVariableMiddleware->handle()
#45 /home/go4database.com/public_html/@core/app/Http/Middleware/SetUserLanguages.php(35): Illuminate\\Pipeline\\Pipeline->Illuminate\\Pipeline\\{closure}()
#46 /home/go4database.com/public_html/@core/vendor/laravel/framework/src/Illuminate/Pipeline/Pipeline.php(180): App\\Http\\Middleware\\SetUserLanguages->handle()
#47 /home/go4database.com/public_html/@core/app/Http/Middleware/RemoveTrailingSlash.php(33): Illuminate\\Pipeline\\Pipeline->Illuminate\\Pipeline\\{closure}()
#48 /home/go4database.com/public_html/@core/vendor/laravel/framework/src/Illuminate/Pipeline/Pipeline.php(180): App\\Http\\Middleware\\RemoveTrailingSlash->handle()
#49 /home/go4database.com/public_html/@core/vendor/laravel/framework/src/Illuminate/Routing/Middleware/SubstituteBindings.php(50): Illuminate\\Pipeline\\Pipeline->Illuminate\\Pipeline\\{closure}()
#50 /home/go4database.com/public_html/@core/vendor/laravel/framework/src/Illuminate/Pipeline/Pipeline.php(180): Illuminate\\Routing\\Middleware\\SubstituteBindings->handle()
#51 /home/go4database.com/public_html/@core/vendor/laravel/framework/src/Illuminate/Foundation/Http/Middleware/VerifyCsrfToken.php(78): Illuminate\\Pipeline\\Pipeline->Illuminate\\Pipeline\\{closure}()
#52 /home/go4database.com/public_html/@core/vendor/laravel/framework/src/Illuminate/Pipeline/Pipeline.php(180): Illuminate\\Foundation\\Http\\Middleware\\VerifyCsrfToken->handle()
#53 /home/go4database.com/public_html/@core/vendor/laravel/framework/src/Illuminate/View/Middleware/ShareErrorsFromSession.php(49): Illuminate\\Pipeline\\Pipeline->Illuminate\\Pipeline\\{closure}()
#54 /home/go4database.com/public_html/@core/vendor/laravel/framework/src/Illuminate/Pipeline/Pipeline.php(180): Illuminate\\View\\Middleware\\ShareErrorsFromSession->handle()
#55 /home/go4database.com/public_html/@core/vendor/laravel/framework/src/Illuminate/Session/Middleware/StartSession.php(121): Illuminate\\Pipeline\\Pipeline->Illuminate\\Pipeline\\{closure}()
#56 /home/go4database.com/public_html/@core/vendor/laravel/framework/src/Illuminate/Session/Middleware/StartSession.php(64): Illuminate\\Session\\Middleware\\StartSession->handleStatefulRequest()
#57 /home/go4database.com/public_html/@core/vendor/laravel/framework/src/Illuminate/Pipeline/Pipeline.php(180): Illuminate\\Session\\Middleware\\StartSession->handle()
#58 /home/go4database.com/public_html/@core/vendor/laravel/framework/src/Illuminate/Cookie/Middleware/AddQueuedCookiesToResponse.php(37): Illuminate\\Pipeline\\Pipeline->Illuminate\\Pipeline\\{closure}()
#59 /home/go4database.com/public_html/@core/vendor/laravel/framework/src/Illuminate/Pipeline/Pipeline.php(180): Illuminate\\Cookie\\Middleware\\AddQueuedCookiesToResponse->handle()
#60 /home/go4database.com/public_html/@core/vendor/laravel/framework/src/Illuminate/Cookie/Middleware/EncryptCookies.php(67): Illuminate\\Pipeline\\Pipeline->Illuminate\\Pipeline\\{closure}()
#61 /home/go4database.com/public_html/@core/vendor/laravel/framework/src/Illuminate/Pipeline/Pipeline.php(180): Illuminate\\Cookie\\Middleware\\EncryptCookies->handle()
#62 /home/go4database.com/public_html/@core/vendor/laravel/framework/src/Illuminate/Pipeline/Pipeline.php(116): Illuminate\\Pipeline\\Pipeline->Illuminate\\Pipeline\\{closure}()
#63 /home/go4database.com/public_html/@core/vendor/laravel/framework/src/Illuminate/Routing/Router.php(797): Illuminate\\Pipeline\\Pipeline->then()
#64 /home/go4database.com/public_html/@core/vendor/laravel/framework/src/Illuminate/Routing/Router.php(776): Illuminate\\Routing\\Router->runRouteWithinStack()
#65 /home/go4database.com/public_html/@core/vendor/laravel/framework/src/Illuminate/Routing/Router.php(740): Illuminate\\Routing\\Router->runRoute()
#66 /home/go4database.com/public_html/@core/vendor/laravel/framework/src/Illuminate/Routing/Router.php(729): Illuminate\\Routing\\Router->dispatchToRoute()
#67 /home/go4database.com/public_html/@core/vendor/laravel/framework/src/Illuminate/Foundation/Http/Kernel.php(190): Illuminate\\Routing\\Router->dispatch()
#68 /home/go4database.com/public_html/@core/vendor/laravel/framework/src/Illuminate/Pipeline/Pipeline.php(141): Illuminate\\Foundation\\Http\\Kernel->Illuminate\\Foundation\\Http\\{closure}()
#69 /home/go4database.com/public_html/@core/vendor/laravel/framework/src/Illuminate/Foundation/Http/Middleware/TransformsRequest.php(21): Illuminate\\Pipeline\\Pipeline->Illuminate\\Pipeline\\{closure}()
#70 /home/go4database.com/public_html/@core/vendor/laravel/framework/src/Illuminate/Foundation/Http/Middleware/ConvertEmptyStringsToNull.php(31): Illuminate\\Foundation\\Http\\Middleware\\TransformsRequest->handle()
#71 /home/go4database.com/public_html/@core/vendor/laravel/framework/src/Illuminate/Pipeline/Pipeline.php(180): Illuminate\\Foundation\\Http\\Middleware\\ConvertEmptyStringsToNull->handle()
#72 /home/go4database.com/public_html/@core/vendor/laravel/framework/src/Illuminate/Foundation/Http/Middleware/TransformsRequest.php(21): Illuminate\\Pipeline\\Pipeline->Illuminate\\Pipeline\\{closure}()
#73 /home/go4database.com/public_html/@core/vendor/laravel/framework/src/Illuminate/Foundation/Http/Middleware/TrimStrings.php(40): Illuminate\\Foundation\\Http\\Middleware\\TransformsRequest->handle()
#74 /home/go4database.com/public_html/@core/vendor/laravel/framework/src/Illuminate/Pipeline/Pipeline.php(180): Illuminate\\Foundation\\Http\\Middleware\\TrimStrings->handle()
#75 /home/go4database.com/public_html/@core/vendor/laravel/framework/src/Illuminate/Foundation/Http/Middleware/ValidatePostSize.php(27): Illuminate\\Pipeline\\Pipeline->Illuminate\\Pipeline\\{closure}()
#76 /home/go4database.com/public_html/@core/vendor/laravel/framework/src/Illuminate/Pipeline/Pipeline.php(180): Illuminate\\Foundation\\Http\\Middleware\\ValidatePostSize->handle()
#77 /home/go4database.com/public_html/@core/vendor/laravel/framework/src/Illuminate/Foundation/Http/Middleware/PreventRequestsDuringMaintenance.php(86): Illuminate\\Pipeline\\Pipeline->Illuminate\\Pipeline\\{closure}()
#78 /home/go4database.com/public_html/@core/vendor/laravel/framework/src/Illuminate/Pipeline/Pipeline.php(180): Illuminate\\Foundation\\Http\\Middleware\\PreventRequestsDuringMaintenance->handle()
#79 /home/go4database.com/public_html/@core/vendor/fruitcake/laravel-cors/src/HandleCors.php(38): Illuminate\\Pipeline\\Pipeline->Illuminate\\Pipeline\\{closure}()
#80 /home/go4database.com/public_html/@core/vendor/laravel/framework/src/Illuminate/Pipeline/Pipeline.php(180): Fruitcake\\Cors\\HandleCors->handle()
#81 /home/go4database.com/public_html/@core/vendor/laravel/framework/src/Illuminate/Http/Middleware/TrustProxies.php(39): Illuminate\\Pipeline\\Pipeline->Illuminate\\Pipeline\\{closure}()
#82 /home/go4database.com/public_html/@core/vendor/laravel/framework/src/Illuminate/Pipeline/Pipeline.php(180): Illuminate\\Http\\Middleware\\TrustProxies->handle()
#83 /home/go4database.com/public_html/@core/vendor/laravel/framework/src/Illuminate/Pipeline/Pipeline.php(116): Illuminate\\Pipeline\\Pipeline->Illuminate\\Pipeline\\{closure}()
#84 /home/go4database.com/public_html/@core/vendor/laravel/framework/src/Illuminate/Foundation/Http/Kernel.php(165): Illuminate\\Pipeline\\Pipeline->then()
#85 /home/go4database.com/public_html/@core/vendor/laravel/framework/src/Illuminate/Foundation/Http/Kernel.php(134): Illuminate\\Foundation\\Http\\Kernel->sendRequestThroughRouter()
#86 /home/go4database.com/public_html/index.php(58): Illuminate\\Foundation\\Http\\Kernel->handle()
#87 {main}

[previous exception] [object] (ErrorException(code: 0): Undefined variable $schemaGraph at /home/go4database.com/public_html/@core/storage/framework/views/221fcdb7e4a203ba0603243f02c9752c069f85ad.php:1015)
[stacktrace]
#0 /home/go4database.com/public_html/@core/vendor/laravel/framework/src/Illuminate/Foundation/Bootstrap/HandleExceptions.php(266): Illuminate\\Foundation\\Bootstrap\\HandleExceptions->handleError()
#1 /home/go4database.com/public_html/@core/storage/framework/views/221fcdb7e4a203ba0603243f02c9752c069f85ad.php(1015): Illuminate\\Foundation\\Bootstrap\\HandleExceptions->Illuminate\\Foundation\\Bootstrap\\{closure}()
#2 /home/go4database.com/public_html/@core/vendor/laravel/framework/src/Illuminate/Filesystem/Filesystem.php(109): require('...')
#3 /home/go4database.com/public_html/@core/vendor/laravel/framework/src/Illuminate/Filesystem/Filesystem.php(110): Illuminate\\Filesystem\\Filesystem::Illuminate\\Filesystem\\{closure}()
#4 /home/go4database.com/public_html/@core/vendor/laravel/framework/src/Illuminate/View/Engines/PhpEngine.php(58): Illuminate\\Filesystem\\Filesystem->getRequire()
#5 /home/go4database.com/public_html/@core/vendor/laravel/framework/src/Illuminate/View/Engines/CompilerEngine.php(70): Illuminate\\View\\Engines\\PhpEngine->evaluatePath()
#6 /home/go4database.com/public_html/@core/vendor/laravel/framework/src/Illuminate/View/View.php(152): Illuminate\\View\\Engines\\CompilerEngine->get()
#7 /home/go4database.com/public_html/@core/vendor/laravel/framework/src/Illuminate/View/View.php(135): Illuminate\\View\\View->getContents()
#8 /home/go4database.com/public_html/@core/vendor/laravel/framework/src/Illuminate/View/View.php(104): Illuminate\\View\\View->renderContents()
#9 /home/go4database.com/public_html/@core/storage/framework/views/f32cb2db49a58a35455242ca81432863c5a7dcf2.php(99): Illuminate\\View\\View->render()
#10 /home/go4database.com/public_html/@core/vendor/laravel/framework/src/Illuminate/Filesystem/Filesystem.php(109): require('...')
#11 /home/go4database.com/public_html/@core/vendor/laravel/framework/src/Illuminate/Filesystem/Filesystem.php(110): Illuminate\\Filesystem\\Filesystem::Illuminate\\Filesystem\\{closure}()
#12 /home/go4database.com/public_html/@core/vendor/laravel/framework/src/Illuminate/View/Engines/PhpEngine.php(58): Illuminate\\Filesystem\\Filesystem->getRequire()
#13 /home/go4database.com/public_html/@core/vendor/laravel/framework/src/Illuminate/View/Engines/CompilerEngine.php(70): Illuminate\\View\\Engines\\PhpEngine->evaluatePath()
#14 /home/go4database.com/public_html/@core/vendor/laravel/framework/src/Illuminate/View/View.php(152): Illuminate\\View\\Engines\\CompilerEngine->get()
#15 /home/go4database.com/public_html/@core/vendor/laravel/framework/src/Illuminate/View/View.php(135): Illuminate\\View\\View->getContents()
#16 /home/go4database.com/public_html/@core/vendor/laravel/framework/src/Illuminate/View/View.php(104): Illuminate\\View\\View->renderContents()
#17 /home/go4database.com/public_html/@core/storage/framework/views/b5c5cb5450fea018ae94272147b0c51b472de20c.php(1): Illuminate\\View\\View->render()
#18 /home/go4database.com/public_html/@core/vendor/laravel/framework/src/Illuminate/Filesystem/Filesystem.php(109): require('...')
#19 /home/go4database.com/public_html/@core/vendor/laravel/framework/src/Illuminate/Filesystem/Filesystem.php(110): Illuminate\\Filesystem\\Filesystem::Illuminate\\Filesystem\\{closure}()
#20 /home/go4database.com/public_html/@core/vendor/laravel/framework/src/Illuminate/View/Engines/PhpEngine.php(58): Illuminate\\Filesystem\\Filesystem->getRequire()
#21 /home/go4database.com/public_html/@core/vendor/laravel/framework/src/Illuminate/View/Engines/CompilerEngine.php(70): Illuminate\\View\\Engines\\PhpEngine->evaluatePath()
#22 /home/go4database.com/public_html/@core/vendor/laravel/framework/src/Illuminate/View/View.php(152): Illuminate\\View\\Engines\\CompilerEngine->get()
#23 /home/go4database.com/public_html/@core/vendor/laravel/framework/src/Illuminate/View/View.php(135): Illuminate\\View\\View->getContents()
#24 /home/go4database.com/public_html/@core/vendor/laravel/framework/src/Illuminate/View/View.php(104): Illuminate\\View\\View->renderContents()
#25 /home/go4database.com/public_html/@core/storage/framework/views/56a6d0adf64e4d2f1ff44635206d14308d634643.php(130): Illuminate\\View\\View->render()
#26 /home/go4database.com/public_html/@core/vendor/laravel/framework/src/Illuminate/Filesystem/Filesystem.php(109): require('...')
#27 /home/go4database.com/public_html/@core/vendor/laravel/framework/src/Illuminate/Filesystem/Filesystem.php(110): Illuminate\\Filesystem\\Filesystem::Illuminate\\Filesystem\\{closure}()
#28 /home/go4database.com/public_html/@core/vendor/laravel/framework/src/Illuminate/View/Engines/PhpEngine.php(58): Illuminate\\Filesystem\\Filesystem->getRequire()
#29 /home/go4database.com/public_html/@core/vendor/laravel/framework/src/Illuminate/View/Engines/CompilerEngine.php(70): Illuminate\\View\\Engines\\PhpEngine->evaluatePath()
#30 /home/go4database.com/public_html/@core/vendor/laravel/framework/src/Illuminate/View/View.php(152): Illuminate\\View\\Engines\\CompilerEngine->get()
#31 /home/go4database.com/public_html/@core/vendor/laravel/framework/src/Illuminate/View/View.php(135): Illuminate\\View\\View->getContents()
#32 /home/go4database.com/public_html/@core/vendor/laravel/framework/src/Illuminate/View/View.php(104): Illuminate\\View\\View->renderContents()
#33 /home/go4database.com/public_html/@core/vendor/laravel/framework/src/Illuminate/Http/Response.php(69): Illuminate\\View\\View->render()
#34 /home/go4database.com/public_html/@core/vendor/laravel/framework/src/Illuminate/Http/Response.php(35): Illuminate\\Http\\Response->setContent()
#35 /home/go4database.com/public_html/@core/vendor/laravel/framework/src/Illuminate/Routing/Router.php(906): Illuminate\\Http\\Response->__construct()
#36 /home/go4database.com/public_html/@core/vendor/laravel/framework/src/Illuminate/Routing/Router.php(875): Illuminate\\Routing\\Router::toResponse()
#37 /home/go4database.com/public_html/@core/vendor/laravel/framework/src/Illuminate/Routing/Router.php(797): Illuminate\\Routing\\Router->prepareResponse()
#38 /home/go4database.com/public_html/@core/vendor/laravel/framework/src/Illuminate/Pipeline/Pipeline.php(141): Illuminate\\Routing\\Router->Illuminate\\Routing\\{closure}()
#39 /home/go4database.com/public_html/@core/app/Http/Middleware/HtmlMinifier.php(13): Illuminate\\Pipeline\\Pipeline->Illuminate\\Pipeline\\{closure}()
#40 /home/go4database.com/public_html/@core/vendor/laravel/framework/src/Illuminate/Pipeline/Pipeline.php(180): App\\Http\\Middleware\\HtmlMinifier->handle()
#41 /home/go4database.com/public_html/@core/app/Http/Middleware/MaintainsMode.php(22): Illuminate\\Pipeline\\Pipeline->Illuminate\\Pipeline\\{closure}()
#42 /home/go4database.com/public_html/@core/vendor/laravel/framework/src/Illuminate/Pipeline/Pipeline.php(180): App\\Http\\Middleware\\MaintainsMode->handle()
#43 /home/go4database.com/public_html/@core/app/Http/Middleware/GlobalVariableMiddleware.php(145): Illuminate\\Pipeline\\Pipeline->Illuminate\\Pipeline\\{closure}()
#44 /home/go4database.com/public_html/@core/vendor/laravel/framework/src/Illuminate/Pipeline/Pipeline.php(180): App\\Http\\Middleware\\GlobalVariableMiddleware->handle()
#45 /home/go4database.com/public_html/@core/app/Http/Middleware/SetUserLanguages.php(35): Illuminate\\Pipeline\\Pipeline->Illuminate\\Pipeline\\{closure}()
#46 /home/go4database.com/public_html/@core/vendor/laravel/framework/src/Illuminate/Pipeline/Pipeline.php(180): App\\Http\\Middleware\\SetUserLanguages->handle()
#47 /home/go4database.com/public_html/@core/app/Http/Middleware/RemoveTrailingSlash.php(33): Illuminate\\Pipeline\\Pipeline->Illuminate\\Pipeline\\{closure}()
#48 /home/go4database.com/public_html/@core/vendor/laravel/framework/src/Illuminate/Pipeline/Pipeline.php(180): App\\Http\\Middleware\\RemoveTrailingSlash->handle()
#49 /home/go4database.com/public_html/@core/vendor/laravel/framework/src/Illuminate/Routing/Middleware/SubstituteBindings.php(50): Illuminate\\Pipeline\\Pipeline->Illuminate\\Pipeline\\{closure}()
#50 /home/go4database.com/public_html/@core/vendor/laravel/framework/src/Illuminate/Pipeline/Pipeline.php(180): Illuminate\\Routing\\Middleware\\SubstituteBindings->handle()
#51 /home/go4database.com/public_html/@core/vendor/laravel/framework/src/Illuminate/Foundation/Http/Middleware/VerifyCsrfToken.php(78): Illuminate\\Pipeline\\Pipeline->Illuminate\\Pipeline\\{closure}()
#52 /home/go4database.com/public_html/@core/vendor/laravel/framework/src/Illuminate/Pipeline/Pipeline.php(180): Illuminate\\Foundation\\Http\\Middleware\\VerifyCsrfToken->handle()
#53 /home/go4database.com/public_html/@core/vendor/laravel/framework/src/Illuminate/View/Middleware/ShareErrorsFromSession.php(49): Illuminate\\Pipeline\\Pipeline->Illuminate\\Pipeline\\{closure}()
#54 /home/go4database.com/public_html/@core/vendor/laravel/framework/src/Illuminate/Pipeline/Pipeline.php(180): Illuminate\\View\\Middleware\\ShareErrorsFromSession->handle()
#55 /home/go4database.com/public_html/@core/vendor/laravel/framework/src/Illuminate/Session/Middleware/StartSession.php(121): Illuminate\\Pipeline\\Pipeline->Illuminate\\Pipeline\\{closure}()
#56 /home/go4database.com/public_html/@core/vendor/laravel/framework/src/Illuminate/Session/Middleware/StartSession.php(64): Illuminate\\Session\\Middleware\\StartSession->handleStatefulRequest()
#57 /home/go4database.com/public_html/@core/vendor/laravel/framework/src/Illuminate/Pipeline/Pipeline.php(180): Illuminate\\Session\\Middleware\\StartSession->handle()
#58 /home/go4database.com/public_html/@core/vendor/laravel/framework/src/Illuminate/Cookie/Middleware/AddQueuedCookiesToResponse.php(37): Illuminate\\Pipeline\\Pipeline->Illuminate\\Pipeline\\{closure}()
#59 /home/go4database.com/public_html/@core/vendor/laravel/framework/src/Illuminate/Pipeline/Pipeline.php(180): Illuminate\\Cookie\\Middleware\\AddQueuedCookiesToResponse->handle()
#60 /home/go4database.com/public_html/@core/vendor/laravel/framework/src/Illuminate/Cookie/Middleware/EncryptCookies.php(67): Illuminate\\Pipeline\\Pipeline->Illuminate\\Pipeline\\{closure}()
#61 /home/go4database.com/public_html/@core/vendor/laravel/framework/src/Illuminate/Pipeline/Pipeline.php(180): Illuminate\\Cookie\\Middleware\\EncryptCookies->handle()
#62 /home/go4database.com/public_html/@core/vendor/laravel/framework/src/Illuminate/Pipeline/Pipeline.php(116): Illuminate\\Pipeline\\Pipeline->Illuminate\\Pipeline\\{closure}()
#63 /home/go4database.com/public_html/@core/vendor/laravel/framework/src/Illuminate/Routing/Router.php(797): Illuminate\\Pipeline\\Pipeline->then()
#64 /home/go4database.com/public_html/@core/vendor/laravel/framework/src/Illuminate/Routing/Router.php(776): Illuminate\\Routing\\Router->runRouteWithinStack()
#65 /home/go4database.com/public_html/@core/vendor/laravel/framework/src/Illuminate/Routing/Router.php(740): Illuminate\\Routing\\Router->runRoute()
#66 /home/go4database.com/public_html/@core/vendor/laravel/framework/src/Illuminate/Routing/Router.php(729): Illuminate\\Routing\\Router->dispatchToRoute()
#67 /home/go4database.com/public_html/@core/vendor/laravel/framework/src/Illuminate/Foundation/Http/Kernel.php(190): Illuminate\\Routing\\Router->dispatch()
#68 /home/go4database.com/public_html/@core/vendor/laravel/framework/src/Illuminate/Pipeline/Pipeline.php(141): Illuminate\\Foundation\\Http\\Kernel->Illuminate\\Foundation\\Http\\{closure}()
#69 /home/go4database.com/public_html/@core/vendor/laravel/framework/src/Illuminate/Foundation/Http/Middleware/TransformsRequest.php(21): Illuminate\\Pipeline\\Pipeline->Illuminate\\Pipeline\\{closure}()
#70 /home/go4database.com/public_html/@core/vendor/laravel/framework/src/Illuminate/Foundation/Http/Middleware/ConvertEmptyStringsToNull.php(31): Illuminate\\Foundation\\Http\\Middleware\\TransformsRequest->handle()
#71 /home/go4database.com/public_html/@core/vendor/laravel/framework/src/Illuminate/Pipeline/Pipeline.php(180): Illuminate\\Foundation\\Http\\Middleware\\ConvertEmptyStringsToNull->handle()
#72 /home/go4database.com/public_html/@core/vendor/laravel/framework/src/Illuminate/Foundation/Http/Middleware/TransformsRequest.php(21): Illuminate\\Pipeline\\Pipeline->Illuminate\\Pipeline\\{closure}()
#73 /home/go4database.com/public_html/@core/vendor/laravel/framework/src/Illuminate/Foundation/Http/Middleware/TrimStrings.php(40): Illuminate\\Foundation\\Http\\Middleware\\TransformsRequest->handle()
#74 /home/go4database.com/public_html/@core/vendor/laravel/framework/src/Illuminate/Pipeline/Pipeline.php(180): Illuminate\\Foundation\\Http\\Middleware\\TrimStrings->handle()
#75 /home/go4database.com/public_html/@core/vendor/laravel/framework/src/Illuminate/Foundation/Http/Middleware/ValidatePostSize.php(27): Illuminate\\Pipeline\\Pipeline->Illuminate\\Pipeline\\{closure}()
#76 /home/go4database.com/public_html/@core/vendor/laravel/framework/src/Illuminate/Pipeline/Pipeline.php(180): Illuminate\\Foundation\\Http\\Middleware\\ValidatePostSize->handle()
#77 /home/go4database.com/public_html/@core/vendor/laravel/framework/src/Illuminate/Foundation/Http/Middleware/PreventRequestsDuringMaintenance.php(86): Illuminate\\Pipeline\\Pipeline->Illuminate\\Pipeline\\{closure}()
#78 /home/go4database.com/public_html/@core/vendor/laravel/framework/src/Illuminate/Pipeline/Pipeline.php(180): Illuminate\\Foundation\\Http\\Middleware\\PreventRequestsDuringMaintenance->handle()
#79 /home/go4database.com/public_html/@core/vendor/fruitcake/laravel-cors/src/HandleCors.php(38): Illuminate\\Pipeline\\Pipeline->Illuminate\\Pipeline\\{closure}()
#80 /home/go4database.com/public_html/@core/vendor/laravel/framework/src/Illuminate/Pipeline/Pipeline.php(180): Fruitcake\\Cors\\HandleCors->handle()
#81 /home/go4database.com/public_html/@core/vendor/laravel/framework/src/Illuminate/Http/Middleware/TrustProxies.php(39): Illuminate\\Pipeline\\Pipeline->Illuminate\\Pipeline\\{closure}()
#82 /home/go4database.com/public_html/@core/vendor/laravel/framework/src/Illuminate/Pipeline/Pipeline.php(180): Illuminate\\Http\\Middleware\\TrustProxies->handle()
#83 /home/go4database.com/public_html/@core/vendor/laravel/framework/src/Illuminate/Pipeline/Pipeline.php(116): Illuminate\\Pipeline\\Pipeline->Illuminate\\Pipeline\\{closure}()
#84 /home/go4database.com/public_html/@core/vendor/laravel/framework/src/Illuminate/Foundation/Http/Kernel.php(165): Illuminate\\Pipeline\\Pipeline->then()
#85 /home/go4database.com/public_html/@core/vendor/laravel/framework/src/Illuminate/Foundation/Http/Kernel.php(134): Illuminate\\Foundation\\Http\\Kernel->sendRequestThroughRouter()
#86 /home/go4database.com/public_html/index.php(58): Illuminate\\Foundation\\Http\\Kernel->handle()
#87 {main}
"} 
[2026-09-15 09:04:07] local.ERROR: Undefined variable $schemaGraph {"view":{"view":"/home/go4database.com/public_html/@core/resources/views/frontend/partials/og-meta.blade.php","data":[]},"exception":"[object] (Spatie\\LaravelIgnition\\Exceptions\\ViewException(code: 0): Undefined variable $schemaGraph at /home/go4database.com/public_html/@core/resources/views/frontend/partials/og-meta.blade.php:954)
[stacktrace]
#0 /home/go4database.com/public_html/@core/vendor/laravel/framework/src/Illuminate/Foundation/Bootstrap/HandleExceptions.php(266): Illuminate\\Foundation\\Bootstrap\\HandleExceptions->handleError()
#1 /home/go4database.com/public_html/@core/resources/views/frontend/partials/og-meta.blade.php(954): Illuminate\\Foundation\\Bootstrap\\HandleExceptions->Illuminate\\Foundation\\Bootstrap\\{closure}()
#2 /home/go4database.com/public_html/@core/vendor/laravel/framework/src/Illuminate/Filesystem/Filesystem.php(109): require('...')
#3 /home/go4database.com/public_html/@core/vendor/laravel/framework/src/Illuminate/Filesystem/Filesystem.php(110): Illuminate\\Filesystem\\Filesystem::Illuminate\\Filesystem\\{closure}()
#4 /home/go4database.com/public_html/@core/vendor/laravel/framework/src/Illuminate/View/Engines/PhpEngine.php(58): Illuminate\\Filesystem\\Filesystem->getRequire()
#5 /home/go4database.com/public_html/@core/vendor/laravel/framework/src/Illuminate/View/Engines/CompilerEngine.php(70): Illuminate\\View\\Engines\\PhpEngine->evaluatePath()
#6 /home/go4database.com/public_html/@core/vendor/laravel/framework/src/Illuminate/View/View.php(152): Illuminate\\View\\Engines\\CompilerEngine->get()
#7 /home/go4database.com/public_html/@core/vendor/laravel/framework/src/Illuminate/View/View.php(135): Illuminate\\View\\View->getContents()
#8 /home/go4database.com/public_html/@core/vendor/laravel/framework/src/Illuminate/View/View.php(104): Illuminate\\View\\View->renderContents()
#9 /home/go4database.com/public_html/@core/resources/views/frontend/partials/header.blade.php(97): Illuminate\\View\\View->render()
#10 /home/go4database.com/public_html/@core/vendor/laravel/framework/src/Illuminate/Filesystem/Filesystem.php(109): require('...')
#11 /home/go4database.com/public_html/@core/vendor/laravel/framework/src/Illuminate/Filesystem/Filesystem.php(110): Illuminate\\Filesystem\\Filesystem::Illuminate\\Filesystem\\{closure}()
#12 /home/go4database.com/public_html/@core/vendor/laravel/framework/src/Illuminate/View/Engines/PhpEngine.php(58): Illuminate\\Filesystem\\Filesystem->getRequire()
#13 /home/go4database.com/public_html/@core/vendor/laravel/framework/src/Illuminate/View/Engines/CompilerEngine.php(70): Illuminate\\View\\Engines\\PhpEngine->evaluatePath()
#14 /home/go4database.com/public_html/@core/vendor/laravel/framework/src/Illuminate/View/View.php(152): Illuminate\\View\\Engines\\CompilerEngine->get()
#15 /home/go4database.com/public_html/@core/vendor/laravel/framework/src/Illuminate/View/View.php(135): Illuminate\\View\\View->getContents()
#16 /home/go4database.com/public_html/@core/vendor/laravel/framework/src/Illuminate/View/View.php(104): Illuminate\\View\\View->renderContents()
#17 /home/go4database.com/public_html/@core/resources/views/frontend/frontend-page-master.blade.php(1): Illuminate\\View\\View->render()
#18 /home/go4database.com/public_html/@core/vendor/laravel/framework/src/Illuminate/Filesystem/Filesystem.php(109): require('...')
#19 /home/go4database.com/public_html/@core/vendor/laravel/framework/src/Illuminate/Filesystem/Filesystem.php(110): Illuminate\\Filesystem\\Filesystem::Illuminate\\Filesystem\\{closure}()
#20 /home/go4database.com/public_html/@core/vendor/laravel/framework/src/Illuminate/View/Engines/PhpEngine.php(58): Illuminate\\Filesystem\\Filesystem->getRequire()
#21 /home/go4database.com/public_html/@core/vendor/laravel/framework/src/Illuminate/View/Engines/CompilerEngine.php(70): Illuminate\\View\\Engines\\PhpEngine->evaluatePath()
#22 /home/go4database.com/public_html/@core/vendor/laravel/framework/src/Illuminate/View/View.php(152): Illuminate\\View\\Engines\\CompilerEngine->get()
#23 /home/go4database.com/public_html/@core/vendor/laravel/framework/src/Illuminate/View/View.php(135): Illuminate\\View\\View->getContents()
#24 /home/go4database.com/public_html/@core/vendor/laravel/framework/src/Illuminate/View/View.php(104): Illuminate\\View\\View->renderContents()
#25 /home/go4database.com/public_html/@core/resources/views/frontend/pages/work/work-single.blade.php(120): Illuminate\\View\\View->render()
#26 /home/go4database.com/public_html/@core/vendor/laravel/framework/src/Illuminate/Filesystem/Filesystem.php(109): require('...')
#27 /home/go4database.com/public_html/@core/vendor/laravel/framework/src/Illuminate/Filesystem/Filesystem.php(110): Illuminate\\Filesystem\\Filesystem::Illuminate\\Filesystem\\{closure}()
#28 /home/go4database.com/public_html/@core/vendor/laravel/framework/src/Illuminate/View/Engines/PhpEngine.php(58): Illuminate\\Filesystem\\Filesystem->getRequire()
#29 /home/go4database.com/public_html/@core/vendor/laravel/framework/src/Illuminate/View/Engines/CompilerEngine.php(70): Illuminate\\View\\Engines\\PhpEngine->evaluatePath()
#30 /home/go4database.com/public_html/@core/vendor/laravel/framework/src/Illuminate/View/View.php(152): Illuminate\\View\\Engines\\CompilerEngine->get()
#31 /home/go4database.com/public_html/@core/vendor/laravel/framework/src/Illuminate/View/View.php(135): Illuminate\\View\\View->getContents()
#32 /home/go4database.com/public_html/@core/vendor/laravel/framework/src/Illuminate/View/View.php(104): Illuminate\\View\\View->renderContents()
#33 /home/go4database.com/public_html/@core/vendor/laravel/framework/src/Illuminate/Http/Response.php(69): Illuminate\\View\\View->render()
#34 /home/go4database.com/public_html/@core/vendor/laravel/framework/src/Illuminate/Http/Response.php(35): Illuminate\\Http\\Response->setContent()
#35 /home/go4database.com/public_html/@core/vendor/laravel/framework/src/Illuminate/Routing/Router.php(906): Illuminate\\Http\\Response->__construct()
#36 /home/go4database.com/public_html/@core/vendor/laravel/framework/src/Illuminate/Routing/Router.php(875): Illuminate\\Routing\\Router::toResponse()
#37 /home/go4database.com/public_html/@core/vendor/laravel/framework/src/Illuminate/Routing/Router.php(797): Illuminate\\Routing\\Router->prepareResponse()
#38 /home/go4database.com/public_html/@core/vendor/laravel/framework/src/Illuminate/Pipeline/Pipeline.php(141): Illuminate\\Routing\\Router->Illuminate\\Routing\\{closure}()
#39 /home/go4database.com/public_html/@core/app/Http/Middleware/HtmlMinifier.php(13): Illuminate\\Pipeline\\Pipeline->Illuminate\\Pipeline\\{closure}()
#40 /home/go4database.com/public_html/@core/vendor/laravel/framework/src/Illuminate/Pipeline/Pipeline.php(180): App\\Http\\Middleware\\HtmlMinifier->handle()
#41 /home/go4database.com/public_html/@core/app/Http/Middleware/MaintainsMode.php(22): Illuminate\\Pipeline\\Pipeline->Illuminate\\Pipeline\\{closure}()
#42 /home/go4database.com/public_html/@core/vendor/laravel/framework/src/Illuminate/Pipeline/Pipeline.php(180): App\\Http\\Middleware\\MaintainsMode->handle()
#43 /home/go4database.com/public_html/@core/app/Http/Middleware/GlobalVariableMiddleware.php(145): Illuminate\\Pipeline\\Pipeline->Illuminate\\Pipeline\\{closure}()
#44 /home/go4database.com/public_html/@core/vendor/laravel/framework/src/Illuminate/Pipeline/Pipeline.php(180): App\\Http\\Middleware\\GlobalVariableMiddleware->handle()
#45 /home/go4database.com/public_html/@core/app/Http/Middleware/SetUserLanguages.php(35): Illuminate\\Pipeline\\Pipeline->Illuminate\\Pipeline\\{closure}()
#46 /home/go4database.com/public_html/@core/vendor/laravel/framework/src/Illuminate/Pipeline/Pipeline.php(180): App\\Http\\Middleware\\SetUserLanguages->handle()
#47 /home/go4database.com/public_html/@core/app/Http/Middleware/RemoveTrailingSlash.php(33): Illuminate\\Pipeline\\Pipeline->Illuminate\\Pipeline\\{closure}()
#48 /home/go4database.com/public_html/@core/vendor/laravel/framework/src/Illuminate/Pipeline/Pipeline.php(180): App\\Http\\Middleware\\RemoveTrailingSlash->handle()
#49 /home/go4database.com/public_html/@core/vendor/laravel/framework/src/Illuminate/Routing/Middleware/SubstituteBindings.php(50): Illuminate\\Pipeline\\Pipeline->Illuminate\\Pipeline\\{closure}()
#50 /home/go4database.com/public_html/@core/vendor/laravel/framework/src/Illuminate/Pipeline/Pipeline.php(180): Illuminate\\Routing\\Middleware\\SubstituteBindings->handle()
#51 /home/go4database.com/public_html/@core/vendor/laravel/framework/src/Illuminate/Foundation/Http/Middleware/VerifyCsrfToken.php(78): Illuminate\\Pipeline\\Pipeline->Illuminate\\Pipeline\\{closure}()
#52 /home/go4database.com/public_html/@core/vendor/laravel/framework/src/Illuminate/Pipeline/Pipeline.php(180): Illuminate\\Foundation\\Http\\Middleware\\VerifyCsrfToken->handle()
#53 /home/go4database.com/public_html/@core/vendor/laravel/framework/src/Illuminate/View/Middleware/ShareErrorsFromSession.php(49): Illuminate\\Pipeline\\Pipeline->Illuminate\\Pipeline\\{closure}()
#54 /home/go4database.com/public_html/@core/vendor/laravel/framework/src/Illuminate/Pipeline/Pipeline.php(180): Illuminate\\View\\Middleware\\ShareErrorsFromSession->handle()
#55 /home/go4database.com/public_html/@core/vendor/laravel/framework/src/Illuminate/Session/Middleware/StartSession.php(121): Illuminate\\Pipeline\\Pipeline->Illuminate\\Pipeline\\{closure}()
#56 /home/go4database.com/public_html/@core/vendor/laravel/framework/src/Illuminate/Session/Middleware/StartSession.php(64): Illuminate\\Session\\Middleware\\StartSession->handleStatefulRequest()
#57 /home/go4database.com/public_html/@core/vendor/laravel/framework/src/Illuminate/Pipeline/Pipeline.php(180): Illuminate\\Session\\Middleware\\StartSession->handle()
#58 /home/go4database.com/public_html/@core/vendor/laravel/framework/src/Illuminate/Cookie/Middleware/AddQueuedCookiesToResponse.php(37): Illuminate\\Pipeline\\Pipeline->Illuminate\\Pipeline\\{closure}()
#59 /home/go4database.com/public_html/@core/vendor/laravel/framework/src/Illuminate/Pipeline/Pipeline.php(180): Illuminate\\Cookie\\Middleware\\AddQueuedCookiesToResponse->handle()
#60 /home/go4database.com/public_html/@core/vendor/laravel/framework/src/Illuminate/Cookie/Middleware/EncryptCookies.php(67): Illuminate\\Pipeline\\Pipeline->Illuminate\\Pipeline\\{closure}()
#61 /home/go4database.com/public_html/@core/vendor/laravel/framework/src/Illuminate/Pipeline/Pipeline.php(180): Illuminate\\Cookie\\Middleware\\EncryptCookies->handle()
#62 /home/go4database.com/public_html/@core/vendor/laravel/framework/src/Illuminate/Pipeline/Pipeline.php(116): Illuminate\\Pipeline\\Pipeline->Illuminate\\Pipeline\\{closure}()
#63 /home/go4database.com/public_html/@core/vendor/laravel/framework/src/Illuminate/Routing/Router.php(797): Illuminate\\Pipeline\\Pipeline->then()
#64 /home/go4database.com/public_html/@core/vendor/laravel/framework/src/Illuminate/Routing/Router.php(776): Illuminate\\Routing\\Router->runRouteWithinStack()
#65 /home/go4database.com/public_html/@core/vendor/laravel/framework/src/Illuminate/Routing/Router.php(740): Illuminate\\Routing\\Router->runRoute()
#66 /home/go4database.com/public_html/@core/vendor/laravel/framework/src/Illuminate/Routing/Router.php(729): Illuminate\\Routing\\Router->dispatchToRoute()
#67 /home/go4database.com/public_html/@core/vendor/laravel/framework/src/Illuminate/Foundation/Http/Kernel.php(190): Illuminate\\Routing\\Router->dispatch()
#68 /home/go4database.com/public_html/@core/vendor/laravel/framework/src/Illuminate/Pipeline/Pipeline.php(141): Illuminate\\Foundation\\Http\\Kernel->Illuminate\\Foundation\\Http\\{closure}()
#69 /home/go4database.com/public_html/@core/vendor/laravel/framework/src/Illuminate/Foundation/Http/Middleware/TransformsRequest.php(21): Illuminate\\Pipeline\\Pipeline->Illuminate\\Pipeline\\{closure}()
#70 /home/go4database.com/public_html/@core/vendor/laravel/framework/src/Illuminate/Foundation/Http/Middleware/ConvertEmptyStringsToNull.php(31): Illuminate\\Foundation\\Http\\Middleware\\TransformsRequest->handle()
#71 /home/go4database.com/public_html/@core/vendor/laravel/framework/src/Illuminate/Pipeline/Pipeline.php(180): Illuminate\\Foundation\\Http\\Middleware\\ConvertEmptyStringsToNull->handle()
#72 /home/go4database.com/public_html/@core/vendor/laravel/framework/src/Illuminate/Foundation/Http/Middleware/TransformsRequest.php(21): Illuminate\\Pipeline\\Pipeline->Illuminate\\Pipeline\\{closure}()
#73 /home/go4database.com/public_html/@core/vendor/laravel/framework/src/Illuminate/Foundation/Http/Middleware/TrimStrings.php(40): Illuminate\\Foundation\\Http\\Middleware\\TransformsRequest->handle()
#74 /home/go4database.com/public_html/@core/vendor/laravel/framework/src/Illuminate/Pipeline/Pipeline.php(180): Illuminate\\Foundation\\Http\\Middleware\\TrimStrings->handle()
#75 /home/go4database.com/public_html/@core/vendor/laravel/framework/src/Illuminate/Foundation/Http/Middleware/ValidatePostSize.php(27): Illuminate\\Pipeline\\Pipeline->Illuminate\\Pipeline\\{closure}()
#76 /home/go4database.com/public_html/@core/vendor/laravel/framework/src/Illuminate/Pipeline/Pipeline.php(180): Illuminate\\Foundation\\Http\\Middleware\\ValidatePostSize->handle()
#77 /home/go4database.com/public_html/@core/vendor/laravel/framework/src/Illuminate/Foundation/Http/Middleware/PreventRequestsDuringMaintenance.php(86): Illuminate\\Pipeline\\Pipeline->Illuminate\\Pipeline\\{closure}()
#78 /home/go4database.com/public_html/@core/vendor/laravel/framework/src/Illuminate/Pipeline/Pipeline.php(180): Illuminate\\Foundation\\Http\\Middleware\\PreventRequestsDuringMaintenance->handle()
#79 /home/go4database.com/public_html/@core/vendor/fruitcake/laravel-cors/src/HandleCors.php(38): Illuminate\\Pipeline\\Pipeline->Illuminate\\Pipeline\\{closure}()
#80 /home/go4database.com/public_html/@core/vendor/laravel/framework/src/Illuminate/Pipeline/Pipeline.php(180): Fruitcake\\Cors\\HandleCors->handle()
#81 /home/go4database.com/public_html/@core/vendor/laravel/framework/src/Illuminate/Http/Middleware/TrustProxies.php(39): Illuminate\\Pipeline\\Pipeline->Illuminate\\Pipeline\\{closure}()
#82 /home/go4database.com/public_html/@core/vendor/laravel/framework/src/Illuminate/Pipeline/Pipeline.php(180): Illuminate\\Http\\Middleware\\TrustProxies->handle()
#83 /home/go4database.com/public_html/@core/vendor/laravel/framework/src/Illuminate/Pipeline/Pipeline.php(116): Illuminate\\Pipeline\\Pipeline->Illuminate\\Pipeline\\{closure}()
#84 /home/go4database.com/public_html/@core/vendor/laravel/framework/src/Illuminate/Foundation/Http/Kernel.php(165): Illuminate\\Pipeline\\Pipeline->then()
#85 /home/go4database.com/public_html/@core/vendor/laravel/framework/src/Illuminate/Foundation/Http/Kernel.php(134): Illuminate\\Foundation\\Http\\Kernel->sendRequestThroughRouter()
#86 /home/go4database.com/public_html/index.php(58): Illuminate\\Foundation\\Http\\Kernel->handle()
#87 {main}

[previous exception] [object] (ErrorException(code: 0): Undefined variable $schemaGraph at /home/go4database.com/public_html/@core/storage/framework/views/221fcdb7e4a203ba0603243f02c9752c069f85ad.php:1014)
[stacktrace]
#0 /home/go4database.com/public_html/@core/vendor/laravel/framework/src/Illuminate/Foundation/Bootstrap/HandleExceptions.php(266): Illuminate\\Foundation\\Bootstrap\\HandleExceptions->handleError()
#1 /home/go4database.com/public_html/@core/storage/framework/views/221fcdb7e4a203ba0603243f02c9752c069f85ad.php(1014): Illuminate\\Foundation\\Bootstrap\\HandleExceptions->Illuminate\\Foundation\\Bootstrap\\{closure}()
#2 /home/go4database.com/public_html/@core/vendor/laravel/framework/src/Illuminate/Filesystem/Filesystem.php(109): require('...')
#3 /home/go4database.com/public_html/@core/vendor/laravel/framework/src/Illuminate/Filesystem/Filesystem.php(110): Illuminate\\Filesystem\\Filesystem::Illuminate\\Filesystem\\{closure}()
#4 /home/go4database.com/public_html/@core/vendor/laravel/framework/src/Illuminate/View/Engines/PhpEngine.php(58): Illuminate\\Filesystem\\Filesystem->getRequire()
#5 /home/go4database.com/public_html/@core/vendor/laravel/framework/src/Illuminate/View/Engines/CompilerEngine.php(70): Illuminate\\View\\Engines\\PhpEngine->evaluatePath()
#6 /home/go4database.com/public_html/@core/vendor/laravel/framework/src/Illuminate/View/View.php(152): Illuminate\\View\\Engines\\CompilerEngine->get()
#7 /home/go4database.com/public_html/@core/vendor/laravel/framework/src/Illuminate/View/View.php(135): Illuminate\\View\\View->getContents()
#8 /home/go4database.com/public_html/@core/vendor/laravel/framework/src/Illuminate/View/View.php(104): Illuminate\\View\\View->renderContents()
#9 /home/go4database.com/public_html/@core/storage/framework/views/f32cb2db49a58a35455242ca81432863c5a7dcf2.php(99): Illuminate\\View\\View->render()
#10 /home/go4database.com/public_html/@core/vendor/laravel/framework/src/Illuminate/Filesystem/Filesystem.php(109): require('...')
#11 /home/go4database.com/public_html/@core/vendor/laravel/framework/src/Illuminate/Filesystem/Filesystem.php(110): Illuminate\\Filesystem\\Filesystem::Illuminate\\Filesystem\\{closure}()
#12 /home/go4database.com/public_html/@core/vendor/laravel/framework/src/Illuminate/View/Engines/PhpEngine.php(58): Illuminate\\Filesystem\\Filesystem->getRequire()
#13 /home/go4database.com/public_html/@core/vendor/laravel/framework/src/Illuminate/View/Engines/CompilerEngine.php(70): Illuminate\\View\\Engines\\PhpEngine->evaluatePath()
#14 /home/go4database.com/public_html/@core/vendor/laravel/framework/src/Illuminate/View/View.php(152): Illuminate\\View\\Engines\\CompilerEngine->get()
#15 /home/go4database.com/public_html/@core/vendor/laravel/framework/src/Illuminate/View/View.php(135): Illuminate\\View\\View->getContents()
#16 /home/go4database.com/public_html/@core/vendor/laravel/framework/src/Illuminate/View/View.php(104): Illuminate\\View\\View->renderContents()
#17 /home/go4database.com/public_html/@core/storage/framework/views/b5c5cb5450fea018ae94272147b0c51b472de20c.php(1): Illuminate\\View\\View->render()
#18 /home/go4database.com/public_html/@core/vendor/laravel/framework/src/Illuminate/Filesystem/Filesystem.php(109): require('...')
#19 /home/go4database.com/public_html/@core/vendor/laravel/framework/src/Illuminate/Filesystem/Filesystem.php(110): Illuminate\\Filesystem\\Filesystem::Illuminate\\Filesystem\\{closure}()
#20 /home/go4database.com/public_html/@core/vendor/laravel/framework/src/Illuminate/View/Engines/PhpEngine.php(58): Illuminate\\Filesystem\\Filesystem->getRequire()
#21 /home/go4database.com/public_html/@core/vendor/laravel/framework/src/Illuminate/View/Engines/CompilerEngine.php(70): Illuminate\\View\\Engines\\PhpEngine->evaluatePath()
#22 /home/go4database.com/public_html/@core/vendor/laravel/framework/src/Illuminate/View/View.php(152): Illuminate\\View\\Engines\\CompilerEngine->get()
#23 /home/go4database.com/public_html/@core/vendor/laravel/framework/src/Illuminate/View/View.php(135): Illuminate\\View\\View->getContents()
#24 /home/go4database.com/public_html/@core/vendor/laravel/framework/src/Illuminate/View/View.php(104): Illuminate\\View\\View->renderContents()
#25 /home/go4database.com/public_html/@core/storage/framework/views/56a6d0adf64e4d2f1ff44635206d14308d634643.php(130): Illuminate\\View\\View->render()
#26 /home/go4database.com/public_html/@core/vendor/laravel/framework/src/Illuminate/Filesystem/Filesystem.php(109): require('...')
#27 /home/go4database.com/public_html/@core/vendor/laravel/framework/src/Illuminate/Filesystem/Filesystem.php(110): Illuminate\\Filesystem\\Filesystem::Illuminate\\Filesystem\\{closure}()
#28 /home/go4database.com/public_html/@core/vendor/laravel/framework/src/Illuminate/View/Engines/PhpEngine.php(58): Illuminate\\Filesystem\\Filesystem->getRequire()
#29 /home/go4database.com/public_html/@core/vendor/laravel/framework/src/Illuminate/View/Engines/CompilerEngine.php(70): Illuminate\\View\\Engines\\PhpEngine->evaluatePath()
#30 /home/go4database.com/public_html/@core/vendor/laravel/framework/src/Illuminate/View/View.php(152): Illuminate\\View\\Engines\\CompilerEngine->get()
#31 /home/go4database.com/public_html/@core/vendor/laravel/framework/src/Illuminate/View/View.php(135): Illuminate\\View\\View->getContents()
#32 /home/go4database.com/public_html/@core/vendor/laravel/framework/src/Illuminate/View/View.php(104): Illuminate\\View\\View->renderContents()
#33 /home/go4database.com/public_html/@core/vendor/laravel/framework/src/Illuminate/Http/Response.php(69): Illuminate\\View\\View->render()
#34 /home/go4database.com/public_html/@core/vendor/laravel/framework/src/Illuminate/Http/Response.php(35): Illuminate\\Http\\Response->setContent()
#35 /home/go4database.com/public_html/@core/vendor/laravel/framework/src/Illuminate/Routing/Router.php(906): Illuminate\\Http\\Response->__construct()
#36 /home/go4database.com/public_html/@core/vendor/laravel/framework/src/Illuminate/Routing/Router.php(875): Illuminate\\Routing\\Router::toResponse()
#37 /home/go4database.com/public_html/@core/vendor/laravel/framework/src/Illuminate/Routing/Router.php(797): Illuminate\\Routing\\Router->prepareResponse()
#38 /home/go4database.com/public_html/@core/vendor/laravel/framework/src/Illuminate/Pipeline/Pipeline.php(141): Illuminate\\Routing\\Router->Illuminate\\Routing\\{closure}()
#39 /home/go4database.com/public_html/@core/app/Http/Middleware/HtmlMinifier.php(13): Illuminate\\Pipeline\\Pipeline->Illuminate\\Pipeline\\{closure}()
#40 /home/go4database.com/public_html/@core/vendor/laravel/framework/src/Illuminate/Pipeline/Pipeline.php(180): App\\Http\\Middleware\\HtmlMinifier->handle()
#41 /home/go4database.com/public_html/@core/app/Http/Middleware/MaintainsMode.php(22): Illuminate\\Pipeline\\Pipeline->Illuminate\\Pipeline\\{closure}()
#42 /home/go4database.com/public_html/@core/vendor/laravel/framework/src/Illuminate/Pipeline/Pipeline.php(180): App\\Http\\Middleware\\MaintainsMode->handle()
#43 /home/go4database.com/public_html/@core/app/Http/Middleware/GlobalVariableMiddleware.php(145): Illuminate\\Pipeline\\Pipeline->Illuminate\\Pipeline\\{closure}()
#44 /home/go4database.com/public_html/@core/vendor/laravel/framework/src/Illuminate/Pipeline/Pipeline.php(180): App\\Http\\Middleware\\GlobalVariableMiddleware->handle()
#45 /home/go4database.com/public_html/@core/app/Http/Middleware/SetUserLanguages.php(35): Illuminate\\Pipeline\\Pipeline->Illuminate\\Pipeline\\{closure}()
#46 /home/go4database.com/public_html/@core/vendor/laravel/framework/src/Illuminate/Pipeline/Pipeline.php(180): App\\Http\\Middleware\\SetUserLanguages->handle()
#47 /home/go4database.com/public_html/@core/app/Http/Middleware/RemoveTrailingSlash.php(33): Illuminate\\Pipeline\\Pipeline->Illuminate\\Pipeline\\{closure}()
#48 /home/go4database.com/public_html/@core/vendor/laravel/framework/src/Illuminate/Pipeline/Pipeline.php(180): App\\Http\\Middleware\\RemoveTrailingSlash->handle()
#49 /home/go4database.com/public_html/@core/vendor/laravel/framework/src/Illuminate/Routing/Middleware/SubstituteBindings.php(50): Illuminate\\Pipeline\\Pipeline->Illuminate\\Pipeline\\{closure}()
#50 /home/go4database.com/public_html/@core/vendor/laravel/framework/src/Illuminate/Pipeline/Pipeline.php(180): Illuminate\\Routing\\Middleware\\SubstituteBindings->handle()
#51 /home/go4database.com/public_html/@core/vendor/laravel/framework/src/Illuminate/Foundation/Http/Middleware/VerifyCsrfToken.php(78): Illuminate\\Pipeline\\Pipeline->Illuminate\\Pipeline\\{closure}()
#52 /home/go4database.com/public_html/@core/vendor/laravel/framework/src/Illuminate/Pipeline/Pipeline.php(180): Illuminate\\Foundation\\Http\\Middleware\\VerifyCsrfToken->handle()
#53 /home/go4database.com/public_html/@core/vendor/laravel/framework/src/Illuminate/View/Middleware/ShareErrorsFromSession.php(49): Illuminate\\Pipeline\\Pipeline->Illuminate\\Pipeline\\{closure}()
#54 /home/go4database.com/public_html/@core/vendor/laravel/framework/src/Illuminate/Pipeline/Pipeline.php(180): Illuminate\\View\\Middleware\\ShareErrorsFromSession->handle()
#55 /home/go4database.com/public_html/@core/vendor/laravel/framework/src/Illuminate/Session/Middleware/StartSession.php(121): Illuminate\\Pipeline\\Pipeline->Illuminate\\Pipeline\\{closure}()
#56 /home/go4database.com/public_html/@core/vendor/laravel/framework/src/Illuminate/Session/Middleware/StartSession.php(64): Illuminate\\Session\\Middleware\\StartSession->handleStatefulRequest()
#57 /home/go4database.com/public_html/@core/vendor/laravel/framework/src/Illuminate/Pipeline/Pipeline.php(180): Illuminate\\Session\\Middleware\\StartSession->handle()
#58 /home/go4database.com/public_html/@core/vendor/laravel/framework/src/Illuminate/Cookie/Middleware/AddQueuedCookiesToResponse.php(37): Illuminate\\Pipeline\\Pipeline->Illuminate\\Pipeline\\{closure}()
#59 /home/go4database.com/public_html/@core/vendor/laravel/framework/src/Illuminate/Pipeline/Pipeline.php(180): Illuminate\\Cookie\\Middleware\\AddQueuedCookiesToResponse->handle()
#60 /home/go4database.com/public_html/@core/vendor/laravel/framework/src/Illuminate/Cookie/Middleware/EncryptCookies.php(67): Illuminate\\Pipeline\\Pipeline->Illuminate\\Pipeline\\{closure}()
#61 /home/go4database.com/public_html/@core/vendor/laravel/framework/src/Illuminate/Pipeline/Pipeline.php(180): Illuminate\\Cookie\\Middleware\\EncryptCookies->handle()
#62 /home/go4database.com/public_html/@core/vendor/laravel/framework/src/Illuminate/Pipeline/Pipeline.php(116): Illuminate\\Pipeline\\Pipeline->Illuminate\\Pipeline\\{closure}()
#63 /home/go4database.com/public_html/@core/vendor/laravel/framework/src/Illuminate/Routing/Router.php(797): Illuminate\\Pipeline\\Pipeline->then()
#64 /home/go4database.com/public_html/@core/vendor/laravel/framework/src/Illuminate/Routing/Router.php(776): Illuminate\\Routing\\Router->runRouteWithinStack()
#65 /home/go4database.com/public_html/@core/vendor/laravel/framework/src/Illuminate/Routing/Router.php(740): Illuminate\\Routing\\Router->runRoute()
#66 /home/go4database.com/public_html/@core/vendor/laravel/framework/src/Illuminate/Routing/Router.php(729): Illuminate\\Routing\\Router->dispatchToRoute()
#67 /home/go4database.com/public_html/@core/vendor/laravel/framework/src/Illuminate/Foundation/Http/Kernel.php(190): Illuminate\\Routing\\Router->dispatch()
#68 /home/go4database.com/public_html/@core/vendor/laravel/framework/src/Illuminate/Pipeline/Pipeline.php(141): Illuminate\\Foundation\\Http\\Kernel->Illuminate\\Foundation\\Http\\{closure}()
#69 /home/go4database.com/public_html/@core/vendor/laravel/framework/src/Illuminate/Foundation/Http/Middleware/TransformsRequest.php(21): Illuminate\\Pipeline\\Pipeline->Illuminate\\Pipeline\\{closure}()
#70 /home/go4database.com/public_html/@core/vendor/laravel/framework/src/Illuminate/Foundation/Http/Middleware/ConvertEmptyStringsToNull.php(31): Illuminate\\Foundation\\Http\\Middleware\\TransformsRequest->handle()
#71 /home/go4database.com/public_html/@core/vendor/laravel/framework/src/Illuminate/Pipeline/Pipeline.php(180): Illuminate\\Foundation\\Http\\Middleware\\ConvertEmptyStringsToNull->handle()
#72 /home/go4database.com/public_html/@core/vendor/laravel/framework/src/Illuminate/Foundation/Http/Middleware/TransformsRequest.php(21): Illuminate\\Pipeline\\Pipeline->Illuminate\\Pipeline\\{closure}()
#73 /home/go4database.com/public_html/@core/vendor/laravel/framework/src/Illuminate/Foundation/Http/Middleware/TrimStrings.php(40): Illuminate\\Foundation\\Http\\Middleware\\TransformsRequest->handle()
#74 /home/go4database.com/public_html/@core/vendor/laravel/framework/src/Illuminate/Pipeline/Pipeline.php(180): Illuminate\\Foundation\\Http\\Middleware\\TrimStrings->handle()
#75 /home/go4database.com/public_html/@core/vendor/laravel/framework/src/Illuminate/Foundation/Http/Middleware/ValidatePostSize.php(27): Illuminate\\Pipeline\\Pipeline->Illuminate\\Pipeline\\{closure}()
#76 /home/go4database.com/public_html/@core/vendor/laravel/framework/src/Illuminate/Pipeline/Pipeline.php(180): Illuminate\\Foundation\\Http\\Middleware\\ValidatePostSize->handle()
#77 /home/go4database.com/public_html/@core/vendor/laravel/framework/src/Illuminate/Foundation/Http/Middleware/PreventRequestsDuringMaintenance.php(86): Illuminate\\Pipeline\\Pipeline->Illuminate\\Pipeline\\{closure}()
#78 /home/go4database.com/public_html/@core/vendor/laravel/framework/src/Illuminate/Pipeline/Pipeline.php(180): Illuminate\\Foundation\\Http\\Middleware\\PreventRequestsDuringMaintenance->handle()
#79 /home/go4database.com/public_html/@core/vendor/fruitcake/laravel-cors/src/HandleCors.php(38): Illuminate\\Pipeline\\Pipeline->Illuminate\\Pipeline\\{closure}()
#80 /home/go4database.com/public_html/@core/vendor/laravel/framework/src/Illuminate/Pipeline/Pipeline.php(180): Fruitcake\\Cors\\HandleCors->handle()
#81 /home/go4database.com/public_html/@core/vendor/laravel/framework/src/Illuminate/Http/Middleware/TrustProxies.php(39): Illuminate\\Pipeline\\Pipeline->Illuminate\\Pipeline\\{closure}()
#82 /home/go4database.com/public_html/@core/vendor/laravel/framework/src/Illuminate/Pipeline/Pipeline.php(180): Illuminate\\Http\\Middleware\\TrustProxies->handle()
#83 /home/go4database.com/public_html/@core/vendor/laravel/framework/src/Illuminate/Pipeline/Pipeline.php(116): Illuminate\\Pipeline\\Pipeline->Illuminate\\Pipeline\\{closure}()
#84 /home/go4database.com/public_html/@core/vendor/laravel/framework/src/Illuminate/Foundation/Http/Kernel.php(165): Illuminate\\Pipeline\\Pipeline->then()
#85 /home/go4database.com/public_html/@core/vendor/laravel/framework/src/Illuminate/Foundation/Http/Kernel.php(134): Illuminate\\Foundation\\Http\\Kernel->sendRequestThroughRouter()
#86 /home/go4database.com/public_html/index.php(58): Illuminate\\Foundation\\Http\\Kernel->handle()
#87 {main}
"} 
[2026-09-15 09:04:09] local.ERROR: Undefined variable $schemaGraph {"view":{"view":"/home/go4database.com/public_html/@core/resources/views/frontend/partials/og-meta.blade.php","data":[]},"exception":"[object] (Spatie\\LaravelIgnition\\Exceptions\\ViewException(code: 0): Undefined variable $schemaGraph at /home/go4database.com/public_html/@core/resources/views/frontend/partials/og-meta.blade.php:954)
[stacktrace]
#0 /home/go4database.com/public_html/@core/vendor/laravel/framework/src/Illuminate/Foundation/Bootstrap/HandleExceptions.php(266): Illuminate\\Foundation\\Bootstrap\\HandleExceptions->handleError()
#1 /home/go4database.com/public_html/@core/resources/views/frontend/partials/og-meta.blade.php(954): Illuminate\\Foundation\\Bootstrap\\HandleExceptions->Illuminate\\Foundation\\Bootstrap\\{closure}()
#2 /home/go4database.com/public_html/@core/vendor/laravel/framework/src/Illuminate/Filesystem/Filesystem.php(109): require('...')
#3 /home/go4database.com/public_html/@core/vendor/laravel/framework/src/Illuminate/Filesystem/Filesystem.php(110): Illuminate\\Filesystem\\Filesystem::Illuminate\\Filesystem\\{closure}()
#4 /home/go4database.com/public_html/@core/vendor/laravel/framework/src/Illuminate/View/Engines/PhpEngine.php(58): Illuminate\\Filesystem\\Filesystem->getRequire()
#5 /home/go4database.com/public_html/@core/vendor/laravel/framework/src/Illuminate/View/Engines/CompilerEngine.php(70): Illuminate\\View\\Engines\\PhpEngine->evaluatePath()
#6 /home/go4database.com/public_html/@core/vendor/laravel/framework/src/Illuminate/View/View.php(152): Illuminate\\View\\Engines\\CompilerEngine->get()
#7 /home/go4database.com/public_html/@core/vendor/laravel/framework/src/Illuminate/View/View.php(135): Illuminate\\View\\View->getContents()
#8 /home/go4database.com/public_html/@core/vendor/laravel/framework/src/Illuminate/View/View.php(104): Illuminate\\View\\View->renderContents()
#9 /home/go4database.com/public_html/@core/resources/views/frontend/partials/header.blade.php(97): Illuminate\\View\\View->render()
#10 /home/go4database.com/public_html/@core/vendor/laravel/framework/src/Illuminate/Filesystem/Filesystem.php(109): require('...')
#11 /home/go4database.com/public_html/@core/vendor/laravel/framework/src/Illuminate/Filesystem/Filesystem.php(110): Illuminate\\Filesystem\\Filesystem::Illuminate\\Filesystem\\{closure}()
#12 /home/go4database.com/public_html/@core/vendor/laravel/framework/src/Illuminate/View/Engines/PhpEngine.php(58): Illuminate\\Filesystem\\Filesystem->getRequire()
#13 /home/go4database.com/public_html/@core/vendor/laravel/framework/src/Illuminate/View/Engines/CompilerEngine.php(70): Illuminate\\View\\Engines\\PhpEngine->evaluatePath()
#14 /home/go4database.com/public_html/@core/vendor/laravel/framework/src/Illuminate/View/View.php(152): Illuminate\\View\\Engines\\CompilerEngine->get()
#15 /home/go4database.com/public_html/@core/vendor/laravel/framework/src/Illuminate/View/View.php(135): Illuminate\\View\\View->getContents()
#16 /home/go4database.com/public_html/@core/vendor/laravel/framework/src/Illuminate/View/View.php(104): Illuminate\\View\\View->renderContents()
#17 /home/go4database.com/public_html/@core/resources/views/frontend/frontend-page-master.blade.php(1): Illuminate\\View\\View->render()
#18 /home/go4database.com/public_html/@core/vendor/laravel/framework/src/Illuminate/Filesystem/Filesystem.php(109): require('...')
#19 /home/go4database.com/public_html/@core/vendor/laravel/framework/src/Illuminate/Filesystem/Filesystem.php(110): Illuminate\\Filesystem\\Filesystem::Illuminate\\Filesystem\\{closure}()
#20 /home/go4database.com/public_html/@core/vendor/laravel/framework/src/Illuminate/View/Engines/PhpEngine.php(58): Illuminate\\Filesystem\\Filesystem->getRequire()
#21 /home/go4database.com/public_html/@core/vendor/laravel/framework/src/Illuminate/View/Engines/CompilerEngine.php(70): Illuminate\\View\\Engines\\PhpEngine->evaluatePath()
#22 /home/go4database.com/public_html/@core/vendor/laravel/framework/src/Illuminate/View/View.php(152): Illuminate\\View\\Engines\\CompilerEngine->get()
#23 /home/go4database.com/public_html/@core/vendor/laravel/framework/src/Illuminate/View/View.php(135): Illuminate\\View\\View->getContents()
#24 /home/go4database.com/public_html/@core/vendor/laravel/framework/src/Illuminate/View/View.php(104): Illuminate\\View\\View->renderContents()
#25 /home/go4database.com/public_html/@core/resources/views/frontend/pages/work/work-single.blade.php(120): Illuminate\\View\\View->render()
#26 /home/go4database.com/public_html/@core/vendor/laravel/framework/src/Illuminate/Filesystem/Filesystem.php(109): require('...')
#27 /home/go4database.com/public_html/@core/vendor/laravel/framework/src/Illuminate/Filesystem/Filesystem.php(110): Illuminate\\Filesystem\\Filesystem::Illuminate\\Filesystem\\{closure}()
#28 /home/go4database.com/public_html/@core/vendor/laravel/framework/src/Illuminate/View/Engines/PhpEngine.php(58): Illuminate\\Filesystem\\Filesystem->getRequire()
#29 /home/go4database.com/public_html/@core/vendor/laravel/framework/src/Illuminate/View/Engines/CompilerEngine.php(70): Illuminate\\View\\Engines\\PhpEngine->evaluatePath()
#30 /home/go4database.com/public_html/@core/vendor/laravel/framework/src/Illuminate/View/View.php(152): Illuminate\\View\\Engines\\CompilerEngine->get()
#31 /home/go4database.com/public_html/@core/vendor/laravel/framework/src/Illuminate/View/View.php(135): Illuminate\\View\\View->getContents()
#32 /home/go4database.com/public_html/@core/vendor/laravel/framework/src/Illuminate/View/View.php(104): Illuminate\\View\\View->renderContents()
#33 /home/go4database.com/public_html/@core/vendor/laravel/framework/src/Illuminate/Http/Response.php(69): Illuminate\\View\\View->render()
#34 /home/go4database.com/public_html/@core/vendor/laravel/framework/src/Illuminate/Http/Response.php(35): Illuminate\\Http\\Response->setContent()
#35 /home/go4database.com/public_html/@core/vendor/laravel/framework/src/Illuminate/Routing/Router.php(906): Illuminate\\Http\\Response->__construct()
#36 /home/go4database.com/public_html/@core/vendor/laravel/framework/src/Illuminate/Routing/Router.php(875): Illuminate\\Routing\\Router::toResponse()
#37 /home/go4database.com/public_html/@core/vendor/laravel/framework/src/Illuminate/Routing/Router.php(797): Illuminate\\Routing\\Router->prepareResponse()
#38 /home/go4database.com/public_html/@core/vendor/laravel/framework/src/Illuminate/Pipeline/Pipeline.php(141): Illuminate\\Routing\\Router->Illuminate\\Routing\\{closure}()
#39 /home/go4database.com/public_html/@core/app/Http/Middleware/HtmlMinifier.php(13): Illuminate\\Pipeline\\Pipeline->Illuminate\\Pipeline\\{closure}()
#40 /home/go4database.com/public_html/@core/vendor/laravel/framework/src/Illuminate/Pipeline/Pipeline.php(180): App\\Http\\Middleware\\HtmlMinifier->handle()
#41 /home/go4database.com/public_html/@core/app/Http/Middleware/MaintainsMode.php(22): Illuminate\\Pipeline\\Pipeline->Illuminate\\Pipeline\\{closure}()
#42 /home/go4database.com/public_html/@core/vendor/laravel/framework/src/Illuminate/Pipeline/Pipeline.php(180): App\\Http\\Middleware\\MaintainsMode->handle()
#43 /home/go4database.com/public_html/@core/app/Http/Middleware/GlobalVariableMiddleware.php(145): Illuminate\\Pipeline\\Pipeline->Illuminate\\Pipeline\\{closure}()
#44 /home/go4database.com/public_html/@core/vendor/laravel/framework/src/Illuminate/Pipeline/Pipeline.php(180): App\\Http\\Middleware\\GlobalVariableMiddleware->handle()
#45 /home/go4database.com/public_html/@core/app/Http/Middleware/SetUserLanguages.php(35): Illuminate\\Pipeline\\Pipeline->Illuminate\\Pipeline\\{closure}()
#46 /home/go4database.com/public_html/@core/vendor/laravel/framework/src/Illuminate/Pipeline/Pipeline.php(180): App\\Http\\Middleware\\SetUserLanguages->handle()
#47 /home/go4database.com/public_html/@core/app/Http/Middleware/RemoveTrailingSlash.php(33): Illuminate\\Pipeline\\Pipeline->Illuminate\\Pipeline\\{closure}()
#48 /home/go4database.com/public_html/@core/vendor/laravel/framework/src/Illuminate/Pipeline/Pipeline.php(180): App\\Http\\Middleware\\RemoveTrailingSlash->handle()
#49 /home/go4database.com/public_html/@core/vendor/laravel/framework/src/Illuminate/Routing/Middleware/SubstituteBindings.php(50): Illuminate\\Pipeline\\Pipeline->Illuminate\\Pipeline\\{closure}()
#50 /home/go4database.com/public_html/@core/vendor/laravel/framework/src/Illuminate/Pipeline/Pipeline.php(180): Illuminate\\Routing\\Middleware\\SubstituteBindings->handle()
#51 /home/go4database.com/public_html/@core/vendor/laravel/framework/src/Illuminate/Foundation/Http/Middleware/VerifyCsrfToken.php(78): Illuminate\\Pipeline\\Pipeline->Illuminate\\Pipeline\\{closure}()
#52 /home/go4database.com/public_html/@core/vendor/laravel/framework/src/Illuminate/Pipeline/Pipeline.php(180): Illuminate\\Foundation\\Http\\Middleware\\VerifyCsrfToken->handle()
#53 /home/go4database.com/public_html/@core/vendor/laravel/framework/src/Illuminate/View/Middleware/ShareErrorsFromSession.php(49): Illuminate\\Pipeline\\Pipeline->Illuminate\\Pipeline\\{closure}()
#54 /home/go4database.com/public_html/@core/vendor/laravel/framework/src/Illuminate/Pipeline/Pipeline.php(180): Illuminate\\View\\Middleware\\ShareErrorsFromSession->handle()
#55 /home/go4database.com/public_html/@core/vendor/laravel/framework/src/Illuminate/Session/Middleware/StartSession.php(121): Illuminate\\Pipeline\\Pipeline->Illuminate\\Pipeline\\{closure}()
#56 /home/go4database.com/public_html/@core/vendor/laravel/framework/src/Illuminate/Session/Middleware/StartSession.php(64): Illuminate\\Session\\Middleware\\StartSession->handleStatefulRequest()
#57 /home/go4database.com/public_html/@core/vendor/laravel/framework/src/Illuminate/Pipeline/Pipeline.php(180): Illuminate\\Session\\Middleware\\StartSession->handle()
#58 /home/go4database.com/public_html/@core/vendor/laravel/framework/src/Illuminate/Cookie/Middleware/AddQueuedCookiesToResponse.php(37): Illuminate\\Pipeline\\Pipeline->Illuminate\\Pipeline\\{closure}()
#59 /home/go4database.com/public_html/@core/vendor/laravel/framework/src/Illuminate/Pipeline/Pipeline.php(180): Illuminate\\Cookie\\Middleware\\AddQueuedCookiesToResponse->handle()
#60 /home/go4database.com/public_html/@core/vendor/laravel/framework/src/Illuminate/Cookie/Middleware/EncryptCookies.php(67): Illuminate\\Pipeline\\Pipeline->Illuminate\\Pipeline\\{closure}()
#61 /home/go4database.com/public_html/@core/vendor/laravel/framework/src/Illuminate/Pipeline/Pipeline.php(180): Illuminate\\Cookie\\Middleware\\EncryptCookies->handle()
#62 /home/go4database.com/public_html/@core/vendor/laravel/framework/src/Illuminate/Pipeline/Pipeline.php(116): Illuminate\\Pipeline\\Pipeline->Illuminate\\Pipeline\\{closure}()
#63 /home/go4database.com/public_html/@core/vendor/laravel/framework/src/Illuminate/Routing/Router.php(797): Illuminate\\Pipeline\\Pipeline->then()
#64 /home/go4database.com/public_html/@core/vendor/laravel/framework/src/Illuminate/Routing/Router.php(776): Illuminate\\Routing\\Router->runRouteWithinStack()
#65 /home/go4database.com/public_html/@core/vendor/laravel/framework/src/Illuminate/Routing/Router.php(740): Illuminate\\Routing\\Router->runRoute()
#66 /home/go4database.com/public_html/@core/vendor/laravel/framework/src/Illuminate/Routing/Router.php(729): Illuminate\\Routing\\Router->dispatchToRoute()
#67 /home/go4database.com/public_html/@core/vendor/laravel/framework/src/Illuminate/Foundation/Http/Kernel.php(190): Illuminate\\Routing\\Router->dispatch()
#68 /home/go4database.com/public_html/@core/vendor/laravel/framework/src/Illuminate/Pipeline/Pipeline.php(141): Illuminate\\Foundation\\Http\\Kernel->Illuminate\\Foundation\\Http\\{closure}()
#69 /home/go4database.com/public_html/@core/vendor/laravel/framework/src/Illuminate/Foundation/Http/Middleware/TransformsRequest.php(21): Illuminate\\Pipeline\\Pipeline->Illuminate\\Pipeline\\{closure}()
#70 /home/go4database.com/public_html/@core/vendor/laravel/framework/src/Illuminate/Foundation/Http/Middleware/ConvertEmptyStringsToNull.php(31): Illuminate\\Foundation\\Http\\Middleware\\TransformsRequest->handle()
#71 /home/go4database.com/public_html/@core/vendor/laravel/framework/src/Illuminate/Pipeline/Pipeline.php(180): Illuminate\\Foundation\\Http\\Middleware\\ConvertEmptyStringsToNull->handle()
#72 /home/go4database.com/public_html/@core/vendor/laravel/framework/src/Illuminate/Foundation/Http/Middleware/TransformsRequest.php(21): Illuminate\\Pipeline\\Pipeline->Illuminate\\Pipeline\\{closure}()
#73 /home/go4database.com/public_html/@core/vendor/laravel/framework/src/Illuminate/Foundation/Http/Middleware/TrimStrings.php(40): Illuminate\\Foundation\\Http\\Middleware\\TransformsRequest->handle()
#74 /home/go4database.com/public_html/@core/vendor/laravel/framework/src/Illuminate/Pipeline/Pipeline.php(180): Illuminate\\Foundation\\Http\\Middleware\\TrimStrings->handle()
#75 /home/go4database.com/public_html/@core/vendor/laravel/framework/src/Illuminate/Foundation/Http/Middleware/ValidatePostSize.php(27): Illuminate\\Pipeline\\Pipeline->Illuminate\\Pipeline\\{closure}()
#76 /home/go4database.com/public_html/@core/vendor/laravel/framework/src/Illuminate/Pipeline/Pipeline.php(180): Illuminate\\Foundation\\Http\\Middleware\\ValidatePostSize->handle()
#77 /home/go4database.com/public_html/@core/vendor/laravel/framework/src/Illuminate/Foundation/Http/Middleware/PreventRequestsDuringMaintenance.php(86): Illuminate\\Pipeline\\Pipeline->Illuminate\\Pipeline\\{closure}()
#78 /home/go4database.com/public_html/@core/vendor/laravel/framework/src/Illuminate/Pipeline/Pipeline.php(180): Illuminate\\Foundation\\Http\\Middleware\\PreventRequestsDuringMaintenance->handle()
#79 /home/go4database.com/public_html/@core/vendor/fruitcake/laravel-cors/src/HandleCors.php(38): Illuminate\\Pipeline\\Pipeline->Illuminate\\Pipeline\\{closure}()
#80 /home/go4database.com/public_html/@core/vendor/laravel/framework/src/Illuminate/Pipeline/Pipeline.php(180): Fruitcake\\Cors\\HandleCors->handle()
#81 /home/go4database.com/public_html/@core/vendor/laravel/framework/src/Illuminate/Http/Middleware/TrustProxies.php(39): Illuminate\\Pipeline\\Pipeline->Illuminate\\Pipeline\\{closure}()
#82 /home/go4database.com/public_html/@core/vendor/laravel/framework/src/Illuminate/Pipeline/Pipeline.php(180): Illuminate\\Http\\Middleware\\TrustProxies->handle()
#83 /home/go4database.com/public_html/@core/vendor/laravel/framework/src/Illuminate/Pipeline/Pipeline.php(116): Illuminate\\Pipeline\\Pipeline->Illuminate\\Pipeline\\{closure}()
#84 /home/go4database.com/public_html/@core/vendor/laravel/framework/src/Illuminate/Foundation/Http/Kernel.php(165): Illuminate\\Pipeline\\Pipeline->then()
#85 /home/go4database.com/public_html/@core/vendor/laravel/framework/src/Illuminate/Foundation/Http/Kernel.php(134): Illuminate\\Foundation\\Http\\Kernel->sendRequestThroughRouter()
#86 /home/go4database.com/public_html/index.php(58): Illuminate\\Foundation\\Http\\Kernel->handle()
#87 {main}

[previous exception] [object] (ErrorException(code: 0): Undefined variable $schemaGraph at /home/go4database.com/public_html/@core/storage/framework/views/221fcdb7e4a203ba0603243f02c9752c069f85ad.php:1014)
[stacktrace]
#0 /home/go4database.com/public_html/@core/vendor/laravel/framework/src/Illuminate/Foundation/Bootstrap/HandleExceptions.php(266): Illuminate\\Foundation\\Bootstrap\\HandleExceptions->handleError()
#1 /home/go4database.com/public_html/@core/storage/framework/views/221fcdb7e4a203ba0603243f02c9752c069f85ad.php(1014): Illuminate\\Foundation\\Bootstrap\\HandleExceptions->Illuminate\\Foundation\\Bootstrap\\{closure}()
#2 /home/go4database.com/public_html/@core/vendor/laravel/framework/src/Illuminate/Filesystem/Filesystem.php(109): require('...')
#3 /home/go4database.com/public_html/@core/vendor/laravel/framework/src/Illuminate/Filesystem/Filesystem.php(110): Illuminate\\Filesystem\\Filesystem::Illuminate\\Filesystem\\{closure}()
#4 /home/go4database.com/public_html/@core/vendor/laravel/framework/src/Illuminate/View/Engines/PhpEngine.php(58): Illuminate\\Filesystem\\Filesystem->getRequire()
#5 /home/go4database.com/public_html/@core/vendor/laravel/framework/src/Illuminate/View/Engines/CompilerEngine.php(70): Illuminate\\View\\Engines\\PhpEngine->evaluatePath()
#6 /home/go4database.com/public_html/@core/vendor/laravel/framework/src/Illuminate/View/View.php(152): Illuminate\\View\\Engines\\CompilerEngine->get()
#7 /home/go4database.com/public_html/@core/vendor/laravel/framework/src/Illuminate/View/View.php(135): Illuminate\\View\\View->getContents()
#8 /home/go4database.com/public_html/@core/vendor/laravel/framework/src/Illuminate/View/View.php(104): Illuminate\\View\\View->renderContents()
#9 /home/go4database.com/public_html/@core/storage/framework/views/f32cb2db49a58a35455242ca81432863c5a7dcf2.php(99): Illuminate\\View\\View->render()
#10 /home/go4database.com/public_html/@core/vendor/laravel/framework/src/Illuminate/Filesystem/Filesystem.php(109): require('...')
#11 /home/go4database.com/public_html/@core/vendor/laravel/framework/src/Illuminate/Filesystem/Filesystem.php(110): Illuminate\\Filesystem\\Filesystem::Illuminate\\Filesystem\\{closure}()
#12 /home/go4database.com/public_html/@core/vendor/laravel/framework/src/Illuminate/View/Engines/PhpEngine.php(58): Illuminate\\Filesystem\\Filesystem->getRequire()
#13 /home/go4database.com/public_html/@core/vendor/laravel/framework/src/Illuminate/View/Engines/CompilerEngine.php(70): Illuminate\\View\\Engines\\PhpEngine->evaluatePath()
#14 /home/go4database.com/public_html/@core/vendor/laravel/framework/src/Illuminate/View/View.php(152): Illuminate\\View\\Engines\\CompilerEngine->get()
#15 /home/go4database.com/public_html/@core/vendor/laravel/framework/src/Illuminate/View/View.php(135): Illuminate\\View\\View->getContents()
#16 /home/go4database.com/public_html/@core/vendor/laravel/framework/src/Illuminate/View/View.php(104): Illuminate\\View\\View->renderContents()
#17 /home/go4database.com/public_html/@core/storage/framework/views/b5c5cb5450fea018ae94272147b0c51b472de20c.php(1): Illuminate\\View\\View->render()
#18 /home/go4database.com/public_html/@core/vendor/laravel/framework/src/Illuminate/Filesystem/Filesystem.php(109): require('...')
#19 /home/go4database.com/public_html/@core/vendor/laravel/framework/src/Illuminate/Filesystem/Filesystem.php(110): Illuminate\\Filesystem\\Filesystem::Illuminate\\Filesystem\\{closure}()
#20 /home/go4database.com/public_html/@core/vendor/laravel/framework/src/Illuminate/View/Engines/PhpEngine.php(58): Illuminate\\Filesystem\\Filesystem->getRequire()
#21 /home/go4database.com/public_html/@core/vendor/laravel/framework/src/Illuminate/View/Engines/CompilerEngine.php(70): Illuminate\\View\\Engines\\PhpEngine->evaluatePath()
#22 /home/go4database.com/public_html/@core/vendor/laravel/framework/src/Illuminate/View/View.php(152): Illuminate\\View\\Engines\\CompilerEngine->get()
#23 /home/go4database.com/public_html/@core/vendor/laravel/framework/src/Illuminate/View/View.php(135): Illuminate\\View\\View->getContents()
#24 /home/go4database.com/public_html/@core/vendor/laravel/framework/src/Illuminate/View/View.php(104): Illuminate\\View\\View->renderContents()
#25 /home/go4database.com/public_html/@core/storage/framework/views/56a6d0adf64e4d2f1ff44635206d14308d634643.php(130): Illuminate\\View\\View->render()
#26 /home/go4database.com/public_html/@core/vendor/laravel/framework/src/Illuminate/Filesystem/Filesystem.php(109): require('...')
#27 /home/go4database.com/public_html/@core/vendor/laravel/framework/src/Illuminate/Filesystem/Filesystem.php(110): Illuminate\\Filesystem\\Filesystem::Illuminate\\Filesystem\\{closure}()
#28 /home/go4database.com/public_html/@core/vendor/laravel/framework/src/Illuminate/View/Engines/PhpEngine.php(58): Illuminate\\Filesystem\\Filesystem->getRequire()
#29 /home/go4database.com/public_html/@core/vendor/laravel/framework/src/Illuminate/View/Engines/CompilerEngine.php(70): Illuminate\\View\\Engines\\PhpEngine->evaluatePath()
#30 /home/go4database.com/public_html/@core/vendor/laravel/framework/src/Illuminate/View/View.php(152): Illuminate\\View\\Engines\\CompilerEngine->get()
#31 /home/go4database.com/public_html/@core/vendor/laravel/framework/src/Illuminate/View/View.php(135): Illuminate\\View\\View->getContents()
#32 /home/go4database.com/public_html/@core/vendor/laravel/framework/src/Illuminate/View/View.php(104): Illuminate\\View\\View->renderContents()
#33 /home/go4database.com/public_html/@core/vendor/laravel/framework/src/Illuminate/Http/Response.php(69): Illuminate\\View\\View->render()
#34 /home/go4database.com/public_html/@core/vendor/laravel/framework/src/Illuminate/Http/Response.php(35): Illuminate\\Http\\Response->setContent()
#35 /home/go4database.com/public_html/@core/vendor/laravel/framework/src/Illuminate/Routing/Router.php(906): Illuminate\\Http\\Response->__construct()
#36 /home/go4database.com/public_html/@core/vendor/laravel/framework/src/Illuminate/Routing/Router.php(875): Illuminate\\Routing\\Router::toResponse()
#37 /home/go4database.com/public_html/@core/vendor/laravel/framework/src/Illuminate/Routing/Router.php(797): Illuminate\\Routing\\Router->prepareResponse()
#38 /home/go4database.com/public_html/@core/vendor/laravel/framework/src/Illuminate/Pipeline/Pipeline.php(141): Illuminate\\Routing\\Router->Illuminate\\Routing\\{closure}()
#39 /home/go4database.com/public_html/@core/app/Http/Middleware/HtmlMinifier.php(13): Illuminate\\Pipeline\\Pipeline->Illuminate\\Pipeline\\{closure}()
#40 /home/go4database.com/public_html/@core/vendor/laravel/framework/src/Illuminate/Pipeline/Pipeline.php(180): App\\Http\\Middleware\\HtmlMinifier->handle()
#41 /home/go4database.com/public_html/@core/app/Http/Middleware/MaintainsMode.php(22): Illuminate\\Pipeline\\Pipeline->Illuminate\\Pipeline\\{closure}()
#42 /home/go4database.com/public_html/@core/vendor/laravel/framework/src/Illuminate/Pipeline/Pipeline.php(180): App\\Http\\Middleware\\MaintainsMode->handle()
#43 /home/go4database.com/public_html/@core/app/Http/Middleware/GlobalVariableMiddleware.php(145): Illuminate\\Pipeline\\Pipeline->Illuminate\\Pipeline\\{closure}()
#44 /home/go4database.com/public_html/@core/vendor/laravel/framework/src/Illuminate/Pipeline/Pipeline.php(180): App\\Http\\Middleware\\GlobalVariableMiddleware->handle()
#45 /home/go4database.com/public_html/@core/app/Http/Middleware/SetUserLanguages.php(35): Illuminate\\Pipeline\\Pipeline->Illuminate\\Pipeline\\{closure}()
#46 /home/go4database.com/public_html/@core/vendor/laravel/framework/src/Illuminate/Pipeline/Pipeline.php(180): App\\Http\\Middleware\\SetUserLanguages->handle()
#47 /home/go4database.com/public_html/@core/app/Http/Middleware/RemoveTrailingSlash.php(33): Illuminate\\Pipeline\\Pipeline->Illuminate\\Pipeline\\{closure}()
#48 /home/go4database.com/public_html/@core/vendor/laravel/framework/src/Illuminate/Pipeline/Pipeline.php(180): App\\Http\\Middleware\\RemoveTrailingSlash->handle()
#49 /home/go4database.com/public_html/@core/vendor/laravel/framework/src/Illuminate/Routing/Middleware/SubstituteBindings.php(50): Illuminate\\Pipeline\\Pipeline->Illuminate\\Pipeline\\{closure}()
#50 /home/go4database.com/public_html/@core/vendor/laravel/framework/src/Illuminate/Pipeline/Pipeline.php(180): Illuminate\\Routing\\Middleware\\SubstituteBindings->handle()
#51 /home/go4database.com/public_html/@core/vendor/laravel/framework/src/Illuminate/Foundation/Http/Middleware/VerifyCsrfToken.php(78): Illuminate\\Pipeline\\Pipeline->Illuminate\\Pipeline\\{closure}()
#52 /home/go4database.com/public_html/@core/vendor/laravel/framework/src/Illuminate/Pipeline/Pipeline.php(180): Illuminate\\Foundation\\Http\\Middleware\\VerifyCsrfToken->handle()
#53 /home/go4database.com/public_html/@core/vendor/laravel/framework/src/Illuminate/View/Middleware/ShareErrorsFromSession.php(49): Illuminate\\Pipeline\\Pipeline->Illuminate\\Pipeline\\{closure}()
#54 /home/go4database.com/public_html/@core/vendor/laravel/framework/src/Illuminate/Pipeline/Pipeline.php(180): Illuminate\\View\\Middleware\\ShareErrorsFromSession->handle()
#55 /home/go4database.com/public_html/@core/vendor/laravel/framework/src/Illuminate/Session/Middleware/StartSession.php(121): Illuminate\\Pipeline\\Pipeline->Illuminate\\Pipeline\\{closure}()
#56 /home/go4database.com/public_html/@core/vendor/laravel/framework/src/Illuminate/Session/Middleware/StartSession.php(64): Illuminate\\Session\\Middleware\\StartSession->handleStatefulRequest()
#57 /home/go4database.com/public_html/@core/vendor/laravel/framework/src/Illuminate/Pipeline/Pipeline.php(180): Illuminate\\Session\\Middleware\\StartSession->handle()
#58 /home/go4database.com/public_html/@core/vendor/laravel/framework/src/Illuminate/Cookie/Middleware/AddQueuedCookiesToResponse.php(37): Illuminate\\Pipeline\\Pipeline->Illuminate\\Pipeline\\{closure}()
#59 /home/go4database.com/public_html/@core/vendor/laravel/framework/src/Illuminate/Pipeline/Pipeline.php(180): Illuminate\\Cookie\\Middleware\\AddQueuedCookiesToResponse->handle()
#60 /home/go4database.com/public_html/@core/vendor/laravel/framework/src/Illuminate/Cookie/Middleware/EncryptCookies.php(67): Illuminate\\Pipeline\\Pipeline->Illuminate\\Pipeline\\{closure}()
#61 /home/go4database.com/public_html/@core/vendor/laravel/framework/src/Illuminate/Pipeline/Pipeline.php(180): Illuminate\\Cookie\\Middleware\\EncryptCookies->handle()
#62 /home/go4database.com/public_html/@core/vendor/laravel/framework/src/Illuminate/Pipeline/Pipeline.php(116): Illuminate\\Pipeline\\Pipeline->Illuminate\\Pipeline\\{closure}()
#63 /home/go4database.com/public_html/@core/vendor/laravel/framework/src/Illuminate/Routing/Router.php(797): Illuminate\\Pipeline\\Pipeline->then()
#64 /home/go4database.com/public_html/@core/vendor/laravel/framework/src/Illuminate/Routing/Router.php(776): Illuminate\\Routing\\Router->runRouteWithinStack()
#65 /home/go4database.com/public_html/@core/vendor/laravel/framework/src/Illuminate/Routing/Router.php(740): Illuminate\\Routing\\Router->runRoute()
#66 /home/go4database.com/public_html/@core/vendor/laravel/framework/src/Illuminate/Routing/Router.php(729): Illuminate\\Routing\\Router->dispatchToRoute()
#67 /home/go4database.com/public_html/@core/vendor/laravel/framework/src/Illuminate/Foundation/Http/Kernel.php(190): Illuminate\\Routing\\Router->dispatch()
#68 /home/go4database.com/public_html/@core/vendor/laravel/framework/src/Illuminate/Pipeline/Pipeline.php(141): Illuminate\\Foundation\\Http\\Kernel->Illuminate\\Foundation\\Http\\{closure}()
#69 /home/go4database.com/public_html/@core/vendor/laravel/framework/src/Illuminate/Foundation/Http/Middleware/TransformsRequest.php(21): Illuminate\\Pipeline\\Pipeline->Illuminate\\Pipeline\\{closure}()
#70 /home/go4database.com/public_html/@core/vendor/laravel/framework/src/Illuminate/Foundation/Http/Middleware/ConvertEmptyStringsToNull.php(31): Illuminate\\Foundation\\Http\\Middleware\\TransformsRequest->handle()
#71 /home/go4database.com/public_html/@core/vendor/laravel/framework/src/Illuminate/Pipeline/Pipeline.php(180): Illuminate\\Foundation\\Http\\Middleware\\ConvertEmptyStringsToNull->handle()
#72 /home/go4database.com/public_html/@core/vendor/laravel/framework/src/Illuminate/Foundation/Http/Middleware/TransformsRequest.php(21): Illuminate\\Pipeline\\Pipeline->Illuminate\\Pipeline\\{closure}()
#73 /home/go4database.com/public_html/@core/vendor/laravel/framework/src/Illuminate/Foundation/Http/Middleware/TrimStrings.php(40): Illuminate\\Foundation\\Http\\Middleware\\TransformsRequest->handle()
#74 /home/go4database.com/public_html/@core/vendor/laravel/framework/src/Illuminate/Pipeline/Pipeline.php(180): Illuminate\\Foundation\\Http\\Middleware\\TrimStrings->handle()
#75 /home/go4database.com/public_html/@core/vendor/laravel/framework/src/Illuminate/Foundation/Http/Middleware/ValidatePostSize.php(27): Illuminate\\Pipeline\\Pipeline->Illuminate\\Pipeline\\{closure}()
#76 /home/go4database.com/public_html/@core/vendor/laravel/framework/src/Illuminate/Pipeline/Pipeline.php(180): Illuminate\\Foundation\\Http\\Middleware\\ValidatePostSize->handle()
#77 /home/go4database.com/public_html/@core/vendor/laravel/framework/src/Illuminate/Foundation/Http/Middleware/PreventRequestsDuringMaintenance.php(86): Illuminate\\Pipeline\\Pipeline->Illuminate\\Pipeline\\{closure}()
#78 /home/go4database.com/public_html/@core/vendor/laravel/framework/src/Illuminate/Pipeline/Pipeline.php(180): Illuminate\\Foundation\\Http\\Middleware\\PreventRequestsDuringMaintenance->handle()
#79 /home/go4database.com/public_html/@core/vendor/fruitcake/laravel-cors/src/HandleCors.php(38): Illuminate\\Pipeline\\Pipeline->Illuminate\\Pipeline\\{closure}()
#80 /home/go4database.com/public_html/@core/vendor/laravel/framework/src/Illuminate/Pipeline/Pipeline.php(180): Fruitcake\\Cors\\HandleCors->handle()
#81 /home/go4database.com/public_html/@core/vendor/laravel/framework/src/Illuminate/Http/Middleware/TrustProxies.php(39): Illuminate\\Pipeline\\Pipeline->Illuminate\\Pipeline\\{closure}()
#82 /home/go4database.com/public_html/@core/vendor/laravel/framework/src/Illuminate/Pipeline/Pipeline.php(180): Illuminate\\Http\\Middleware\\TrustProxies->handle()
#83 /home/go4database.com/public_html/@core/vendor/laravel/framework/src/Illuminate/Pipeline/Pipeline.php(116): Illuminate\\Pipeline\\Pipeline->Illuminate\\Pipeline\\{closure}()
#84 /home/go4database.com/public_html/@core/vendor/laravel/framework/src/Illuminate/Foundation/Http/Kernel.php(165): Illuminate\\Pipeline\\Pipeline->then()
#85 /home/go4database.com/public_html/@core/vendor/laravel/framework/src/Illuminate/Foundation/Http/Kernel.php(134): Illuminate\\Foundation\\Http\\Kernel->sendRequestThroughRouter()
#86 /home/go4database.com/public_html/index.php(58): Illuminate\\Foundation\\Http\\Kernel->handle()
#87 {main}
"} 
[2026-09-15 09:04:13] local.ERROR: Undefined variable $schemaGraph {"view":{"view":"/home/go4database.com/public_html/@core/resources/views/frontend/partials/og-meta.blade.php","data":[]},"exception":"[object] (Spatie\\LaravelIgnition\\Exceptions\\ViewException(code: 0): Undefined variable $schemaGraph at /home/go4database.com/public_html/@core/resources/views/frontend/partials/og-meta.blade.php:954)
[stacktrace]
#0 /home/go4database.com/public_html/@core/vendor/laravel/framework/src/Illuminate/Foundation/Bootstrap/HandleExceptions.php(266): Illuminate\\Foundation\\Bootstrap\\HandleExceptions->handleError()
#1 /home/go4database.com/public_html/@core/resources/views/frontend/partials/og-meta.blade.php(954): Illuminate\\Foundation\\Bootstrap\\HandleExceptions->Illuminate\\Foundation\\Bootstrap\\{closure}()
#2 /home/go4database.com/public_html/@core/vendor/laravel/framework/src/Illuminate/Filesystem/Filesystem.php(109): require('...')
#3 /home/go4database.com/public_html/@core/vendor/laravel/framework/src/Illuminate/Filesystem/Filesystem.php(110): Illuminate\\Filesystem\\Filesystem::Illuminate\\Filesystem\\{closure}()
#4 /home/go4database.com/public_html/@core/vendor/laravel/framework/src/Illuminate/View/Engines/PhpEngine.php(58): Illuminate\\Filesystem\\Filesystem->getRequire()
#5 /home/go4database.com/public_html/@core/vendor/laravel/framework/src/Illuminate/View/Engines/CompilerEngine.php(70): Illuminate\\View\\Engines\\PhpEngine->evaluatePath()
#6 /home/go4database.com/public_html/@core/vendor/laravel/framework/src/Illuminate/View/View.php(152): Illuminate\\View\\Engines\\CompilerEngine->get()
#7 /home/go4database.com/public_html/@core/vendor/laravel/framework/src/Illuminate/View/View.php(135): Illuminate\\View\\View->getContents()
#8 /home/go4database.com/public_html/@core/vendor/laravel/framework/src/Illuminate/View/View.php(104): Illuminate\\View\\View->renderContents()
#9 /home/go4database.com/public_html/@core/resources/views/frontend/partials/header.blade.php(97): Illuminate\\View\\View->render()
#10 /home/go4database.com/public_html/@core/vendor/laravel/framework/src/Illuminate/Filesystem/Filesystem.php(109): require('...')
#11 /home/go4database.com/public_html/@core/vendor/laravel/framework/src/Illuminate/Filesystem/Filesystem.php(110): Illuminate\\Filesystem\\Filesystem::Illuminate\\Filesystem\\{closure}()
#12 /home/go4database.com/public_html/@core/vendor/laravel/framework/src/Illuminate/View/Engines/PhpEngine.php(58): Illuminate\\Filesystem\\Filesystem->getRequire()
#13 /home/go4database.com/public_html/@core/vendor/laravel/framework/src/Illuminate/View/Engines/CompilerEngine.php(70): Illuminate\\View\\Engines\\PhpEngine->evaluatePath()
#14 /home/go4database.com/public_html/@core/vendor/laravel/framework/src/Illuminate/View/View.php(152): Illuminate\\View\\Engines\\CompilerEngine->get()
#15 /home/go4database.com/public_html/@core/vendor/laravel/framework/src/Illuminate/View/View.php(135): Illuminate\\View\\View->getContents()
#16 /home/go4database.com/public_html/@core/vendor/laravel/framework/src/Illuminate/View/View.php(104): Illuminate\\View\\View->renderContents()
#17 /home/go4database.com/public_html/@core/resources/views/frontend/frontend-page-master.blade.php(1): Illuminate\\View\\View->render()
#18 /home/go4database.com/public_html/@core/vendor/laravel/framework/src/Illuminate/Filesystem/Filesystem.php(109): require('...')
#19 /home/go4database.com/public_html/@core/vendor/laravel/framework/src/Illuminate/Filesystem/Filesystem.php(110): Illuminate\\Filesystem\\Filesystem::Illuminate\\Filesystem\\{closure}()
#20 /home/go4database.com/public_html/@core/vendor/laravel/framework/src/Illuminate/View/Engines/PhpEngine.php(58): Illuminate\\Filesystem\\Filesystem->getRequire()
#21 /home/go4database.com/public_html/@core/vendor/laravel/framework/src/Illuminate/View/Engines/CompilerEngine.php(70): Illuminate\\View\\Engines\\PhpEngine->evaluatePath()
#22 /home/go4database.com/public_html/@core/vendor/laravel/framework/src/Illuminate/View/View.php(152): Illuminate\\View\\Engines\\CompilerEngine->get()
#23 /home/go4database.com/public_html/@core/vendor/laravel/framework/src/Illuminate/View/View.php(135): Illuminate\\View\\View->getContents()
#24 /home/go4database.com/public_html/@core/vendor/laravel/framework/src/Illuminate/View/View.php(104): Illuminate\\View\\View->renderContents()
#25 /home/go4database.com/public_html/@core/resources/views/frontend/pages/work/work-single.blade.php(120): Illuminate\\View\\View->render()
#26 /home/go4database.com/public_html/@core/vendor/laravel/framework/src/Illuminate/Filesystem/Filesystem.php(109): require('...')
#27 /home/go4database.com/public_html/@core/vendor/laravel/framework/src/Illuminate/Filesystem/Filesystem.php(110): Illuminate\\Filesystem\\Filesystem::Illuminate\\Filesystem\\{closure}()
#28 /home/go4database.com/public_html/@core/vendor/laravel/framework/src/Illuminate/View/Engines/PhpEngine.php(58): Illuminate\\Filesystem\\Filesystem->getRequire()
#29 /home/go4database.com/public_html/@core/vendor/laravel/framework/src/Illuminate/View/Engines/CompilerEngine.php(70): Illuminate\\View\\Engines\\PhpEngine->evaluatePath()
#30 /home/go4database.com/public_html/@core/vendor/laravel/framework/src/Illuminate/View/View.php(152): Illuminate\\View\\Engines\\CompilerEngine->get()
#31 /home/go4database.com/public_html/@core/vendor/laravel/framework/src/Illuminate/View/View.php(135): Illuminate\\View\\View->getContents()
#32 /home/go4database.com/public_html/@core/vendor/laravel/framework/src/Illuminate/View/View.php(104): Illuminate\\View\\View->renderContents()
#33 /home/go4database.com/public_html/@core/vendor/laravel/framework/src/Illuminate/Http/Response.php(69): Illuminate\\View\\View->render()
#34 /home/go4database.com/public_html/@core/vendor/laravel/framework/src/Illuminate/Http/Response.php(35): Illuminate\\Http\\Response->setContent()
#35 /home/go4database.com/public_html/@core/vendor/laravel/framework/src/Illuminate/Routing/Router.php(906): Illuminate\\Http\\Response->__construct()
#36 /home/go4database.com/public_html/@core/vendor/laravel/framework/src/Illuminate/Routing/Router.php(875): Illuminate\\Routing\\Router::toResponse()
#37 /home/go4database.com/public_html/@core/vendor/laravel/framework/src/Illuminate/Routing/Router.php(797): Illuminate\\Routing\\Router->prepareResponse()
#38 /home/go4database.com/public_html/@core/vendor/laravel/framework/src/Illuminate/Pipeline/Pipeline.php(141): Illuminate\\Routing\\Router->Illuminate\\Routing\\{closure}()
#39 /home/go4database.com/public_html/@core/app/Http/Middleware/HtmlMinifier.php(13): Illuminate\\Pipeline\\Pipeline->Illuminate\\Pipeline\\{closure}()
#40 /home/go4database.com/public_html/@core/vendor/laravel/framework/src/Illuminate/Pipeline/Pipeline.php(180): App\\Http\\Middleware\\HtmlMinifier->handle()
#41 /home/go4database.com/public_html/@core/app/Http/Middleware/MaintainsMode.php(22): Illuminate\\Pipeline\\Pipeline->Illuminate\\Pipeline\\{closure}()
#42 /home/go4database.com/public_html/@core/vendor/laravel/framework/src/Illuminate/Pipeline/Pipeline.php(180): App\\Http\\Middleware\\MaintainsMode->handle()
#43 /home/go4database.com/public_html/@core/app/Http/Middleware/GlobalVariableMiddleware.php(145): Illuminate\\Pipeline\\Pipeline->Illuminate\\Pipeline\\{closure}()
#44 /home/go4database.com/public_html/@core/vendor/laravel/framework/src/Illuminate/Pipeline/Pipeline.php(180): App\\Http\\Middleware\\GlobalVariableMiddleware->handle()
#45 /home/go4database.com/public_html/@core/app/Http/Middleware/SetUserLanguages.php(35): Illuminate\\Pipeline\\Pipeline->Illuminate\\Pipeline\\{closure}()
#46 /home/go4database.com/public_html/@core/vendor/laravel/framework/src/Illuminate/Pipeline/Pipeline.php(180): App\\Http\\Middleware\\SetUserLanguages->handle()
#47 /home/go4database.com/public_html/@core/app/Http/Middleware/RemoveTrailingSlash.php(33): Illuminate\\Pipeline\\Pipeline->Illuminate\\Pipeline\\{closure}()
#48 /home/go4database.com/public_html/@core/vendor/laravel/framework/src/Illuminate/Pipeline/Pipeline.php(180): App\\Http\\Middleware\\RemoveTrailingSlash->handle()
#49 /home/go4database.com/public_html/@core/vendor/laravel/framework/src/Illuminate/Routing/Middleware/SubstituteBindings.php(50): Illuminate\\Pipeline\\Pipeline->Illuminate\\Pipeline\\{closure}()
#50 /home/go4database.com/public_html/@core/vendor/laravel/framework/src/Illuminate/Pipeline/Pipeline.php(180): Illuminate\\Routing\\Middleware\\SubstituteBindings->handle()
#51 /home/go4database.com/public_html/@core/vendor/laravel/framework/src/Illuminate/Foundation/Http/Middleware/VerifyCsrfToken.php(78): Illuminate\\Pipeline\\Pipeline->Illuminate\\Pipeline\\{closure}()
#52 /home/go4database.com/public_html/@core/vendor/laravel/framework/src/Illuminate/Pipeline/Pipeline.php(180): Illuminate\\Foundation\\Http\\Middleware\\VerifyCsrfToken->handle()
#53 /home/go4database.com/public_html/@core/vendor/laravel/framework/src/Illuminate/View/Middleware/ShareErrorsFromSession.php(49): Illuminate\\Pipeline\\Pipeline->Illuminate\\Pipeline\\{closure}()
#54 /home/go4database.com/public_html/@core/vendor/laravel/framework/src/Illuminate/Pipeline/Pipeline.php(180): Illuminate\\View\\Middleware\\ShareErrorsFromSession->handle()
#55 /home/go4database.com/public_html/@core/vendor/laravel/framework/src/Illuminate/Session/Middleware/StartSession.php(121): Illuminate\\Pipeline\\Pipeline->Illuminate\\Pipeline\\{closure}()
#56 /home/go4database.com/public_html/@core/vendor/laravel/framework/src/Illuminate/Session/Middleware/StartSession.php(64): Illuminate\\Session\\Middleware\\StartSession->handleStatefulRequest()
#57 /home/go4database.com/public_html/@core/vendor/laravel/framework/src/Illuminate/Pipeline/Pipeline.php(180): Illuminate\\Session\\Middleware\\StartSession->handle()
#58 /home/go4database.com/public_html/@core/vendor/laravel/framework/src/Illuminate/Cookie/Middleware/AddQueuedCookiesToResponse.php(37): Illuminate\\Pipeline\\Pipeline->Illuminate\\Pipeline\\{closure}()
#59 /home/go4database.com/public_html/@core/vendor/laravel/framework/src/Illuminate/Pipeline/Pipeline.php(180): Illuminate\\Cookie\\Middleware\\AddQueuedCookiesToResponse->handle()
#60 /home/go4database.com/public_html/@core/vendor/laravel/framework/src/Illuminate/Cookie/Middleware/EncryptCookies.php(67): Illuminate\\Pipeline\\Pipeline->Illuminate\\Pipeline\\{closure}()
#61 /home/go4database.com/public_html/@core/vendor/laravel/framework/src/Illuminate/Pipeline/Pipeline.php(180): Illuminate\\Cookie\\Middleware\\EncryptCookies->handle()
#62 /home/go4database.com/public_html/@core/vendor/laravel/framework/src/Illuminate/Pipeline/Pipeline.php(116): Illuminate\\Pipeline\\Pipeline->Illuminate\\Pipeline\\{closure}()
#63 /home/go4database.com/public_html/@core/vendor/laravel/framework/src/Illuminate/Routing/Router.php(797): Illuminate\\Pipeline\\Pipeline->then()
#64 /home/go4database.com/public_html/@core/vendor/laravel/framework/src/Illuminate/Routing/Router.php(776): Illuminate\\Routing\\Router->runRouteWithinStack()
#65 /home/go4database.com/public_html/@core/vendor/laravel/framework/src/Illuminate/Routing/Router.php(740): Illuminate\\Routing\\Router->runRoute()
#66 /home/go4database.com/public_html/@core/vendor/laravel/framework/src/Illuminate/Routing/Router.php(729): Illuminate\\Routing\\Router->dispatchToRoute()
#67 /home/go4database.com/public_html/@core/vendor/laravel/framework/src/Illuminate/Foundation/Http/Kernel.php(190): Illuminate\\Routing\\Router->dispatch()
#68 /home/go4database.com/public_html/@core/vendor/laravel/framework/src/Illuminate/Pipeline/Pipeline.php(141): Illuminate\\Foundation\\Http\\Kernel->Illuminate\\Foundation\\Http\\{closure}()
#69 /home/go4database.com/public_html/@core/vendor/laravel/framework/src/Illuminate/Foundation/Http/Middleware/TransformsRequest.php(21): Illuminate\\Pipeline\\Pipeline->Illuminate\\Pipeline\\{closure}()
#70 /home/go4database.com/public_html/@core/vendor/laravel/framework/src/Illuminate/Foundation/Http/Middleware/ConvertEmptyStringsToNull.php(31): Illuminate\\Foundation\\Http\\Middleware\\TransformsRequest->handle()
#71 /home/go4database.com/public_html/@core/vendor/laravel/framework/src/Illuminate/Pipeline/Pipeline.php(180): Illuminate\\Foundation\\Http\\Middleware\\ConvertEmptyStringsToNull->handle()
#72 /home/go4database.com/public_html/@core/vendor/laravel/framework/src/Illuminate/Foundation/Http/Middleware/TransformsRequest.php(21): Illuminate\\Pipeline\\Pipeline->Illuminate\\Pipeline\\{closure}()
#73 /home/go4database.com/public_html/@core/vendor/laravel/framework/src/Illuminate/Foundation/Http/Middleware/TrimStrings.php(40): Illuminate\\Foundation\\Http\\Middleware\\TransformsRequest->handle()
#74 /home/go4database.com/public_html/@core/vendor/laravel/framework/src/Illuminate/Pipeline/Pipeline.php(180): Illuminate\\Foundation\\Http\\Middleware\\TrimStrings->handle()
#75 /home/go4database.com/public_html/@core/vendor/laravel/framework/src/Illuminate/Foundation/Http/Middleware/ValidatePostSize.php(27): Illuminate\\Pipeline\\Pipeline->Illuminate\\Pipeline\\{closure}()
#76 /home/go4database.com/public_html/@core/vendor/laravel/framework/src/Illuminate/Pipeline/Pipeline.php(180): Illuminate\\Foundation\\Http\\Middleware\\ValidatePostSize->handle()
#77 /home/go4database.com/public_html/@core/vendor/laravel/framework/src/Illuminate/Foundation/Http/Middleware/PreventRequestsDuringMaintenance.php(86): Illuminate\\Pipeline\\Pipeline->Illuminate\\Pipeline\\{closure}()
#78 /home/go4database.com/public_html/@core/vendor/laravel/framework/src/Illuminate/Pipeline/Pipeline.php(180): Illuminate\\Foundation\\Http\\Middleware\\PreventRequestsDuringMaintenance->handle()
#79 /home/go4database.com/public_html/@core/vendor/fruitcake/laravel-cors/src/HandleCors.php(38): Illuminate\\Pipeline\\Pipeline->Illuminate\\Pipeline\\{closure}()
#80 /home/go4database.com/public_html/@core/vendor/laravel/framework/src/Illuminate/Pipeline/Pipeline.php(180): Fruitcake\\Cors\\HandleCors->handle()
#81 /home/go4database.com/public_html/@core/vendor/laravel/framework/src/Illuminate/Http/Middleware/TrustProxies.php(39): Illuminate\\Pipeline\\Pipeline->Illuminate\\Pipeline\\{closure}()
#82 /home/go4database.com/public_html/@core/vendor/laravel/framework/src/Illuminate/Pipeline/Pipeline.php(180): Illuminate\\Http\\Middleware\\TrustProxies->handle()
#83 /home/go4database.com/public_html/@core/vendor/laravel/framework/src/Illuminate/Pipeline/Pipeline.php(116): Illuminate\\Pipeline\\Pipeline->Illuminate\\Pipeline\\{closure}()
#84 /home/go4database.com/public_html/@core/vendor/laravel/framework/src/Illuminate/Foundation/Http/Kernel.php(165): Illuminate\\Pipeline\\Pipeline->then()
#85 /home/go4database.com/public_html/@core/vendor/laravel/framework/src/Illuminate/Foundation/Http/Kernel.php(134): Illuminate\\Foundation\\Http\\Kernel->sendRequestThroughRouter()
#86 /home/go4database.com/public_html/index.php(58): Illuminate\\Foundation\\Http\\Kernel->handle()
#87 {main}

[previous exception] [object] (ErrorException(code: 0): Undefined variable $schemaGraph at /home/go4database.com/public_html/@core/storage/framework/views/221fcdb7e4a203ba0603243f02c9752c069f85ad.php:1014)
[stacktrace]
#0 /home/go4database.com/public_html/@core/vendor/laravel/framework/src/Illuminate/Foundation/Bootstrap/HandleExceptions.php(266): Illuminate\\Foundation\\Bootstrap\\HandleExceptions->handleError()
#1 /home/go4database.com/public_html/@core/storage/framework/views/221fcdb7e4a203ba0603243f02c9752c069f85ad.php(1014): Illuminate\\Foundation\\Bootstrap\\HandleExceptions->Illuminate\\Foundation\\Bootstrap\\{closure}()
#2 /home/go4database.com/public_html/@core/vendor/laravel/framework/src/Illuminate/Filesystem/Filesystem.php(109): require('...')
#3 /home/go4database.com/public_html/@core/vendor/laravel/framework/src/Illuminate/Filesystem/Filesystem.php(110): Illuminate\\Filesystem\\Filesystem::Illuminate\\Filesystem\\{closure}()
#4 /home/go4database.com/public_html/@core/vendor/laravel/framework/src/Illuminate/View/Engines/PhpEngine.php(58): Illuminate\\Filesystem\\Filesystem->getRequire()
#5 /home/go4database.com/public_html/@core/vendor/laravel/framework/src/Illuminate/View/Engines/CompilerEngine.php(70): Illuminate\\View\\Engines\\PhpEngine->evaluatePath()
#6 /home/go4database.com/public_html/@core/vendor/laravel/framework/src/Illuminate/View/View.php(152): Illuminate\\View\\Engines\\CompilerEngine->get()
#7 /home/go4database.com/public_html/@core/vendor/laravel/framework/src/Illuminate/View/View.php(135): Illuminate\\View\\View->getContents()
#8 /home/go4database.com/public_html/@core/vendor/laravel/framework/src/Illuminate/View/View.php(104): Illuminate\\View\\View->renderContents()
#9 /home/go4database.com/public_html/@core/storage/framework/views/f32cb2db49a58a35455242ca81432863c5a7dcf2.php(99): Illuminate\\View\\View->render()
#10 /home/go4database.com/public_html/@core/vendor/laravel/framework/src/Illuminate/Filesystem/Filesystem.php(109): require('...')
#11 /home/go4database.com/public_html/@core/vendor/laravel/framework/src/Illuminate/Filesystem/Filesystem.php(110): Illuminate\\Filesystem\\Filesystem::Illuminate\\Filesystem\\{closure}()
#12 /home/go4database.com/public_html/@core/vendor/laravel/framework/src/Illuminate/View/Engines/PhpEngine.php(58): Illuminate\\Filesystem\\Filesystem->getRequire()
#13 /home/go4database.com/public_html/@core/vendor/laravel/framework/src/Illuminate/View/Engines/CompilerEngine.php(70): Illuminate\\View\\Engines\\PhpEngine->evaluatePath()
#14 /home/go4database.com/public_html/@core/vendor/laravel/framework/src/Illuminate/View/View.php(152): Illuminate\\View\\Engines\\CompilerEngine->get()
#15 /home/go4database.com/public_html/@core/vendor/laravel/framework/src/Illuminate/View/View.php(135): Illuminate\\View\\View->getContents()
#16 /home/go4database.com/public_html/@core/vendor/laravel/framework/src/Illuminate/View/View.php(104): Illuminate\\View\\View->renderContents()
#17 /home/go4database.com/public_html/@core/storage/framework/views/b5c5cb5450fea018ae94272147b0c51b472de20c.php(1): Illuminate\\View\\View->render()
#18 /home/go4database.com/public_html/@core/vendor/laravel/framework/src/Illuminate/Filesystem/Filesystem.php(109): require('...')
#19 /home/go4database.com/public_html/@core/vendor/laravel/framework/src/Illuminate/Filesystem/Filesystem.php(110): Illuminate\\Filesystem\\Filesystem::Illuminate\\Filesystem\\{closure}()
#20 /home/go4database.com/public_html/@core/vendor/laravel/framework/src/Illuminate/View/Engines/PhpEngine.php(58): Illuminate\\Filesystem\\Filesystem->getRequire()
#21 /home/go4database.com/public_html/@core/vendor/laravel/framework/src/Illuminate/View/Engines/CompilerEngine.php(70): Illuminate\\View\\Engines\\PhpEngine->evaluatePath()
#22 /home/go4database.com/public_html/@core/vendor/laravel/framework/src/Illuminate/View/View.php(152): Illuminate\\View\\Engines\\CompilerEngine->get()
#23 /home/go4database.com/public_html/@core/vendor/laravel/framework/src/Illuminate/View/View.php(135): Illuminate\\View\\View->getContents()
#24 /home/go4database.com/public_html/@core/vendor/laravel/framework/src/Illuminate/View/View.php(104): Illuminate\\View\\View->renderContents()
#25 /home/go4database.com/public_html/@core/storage/framework/views/56a6d0adf64e4d2f1ff44635206d14308d634643.php(130): Illuminate\\View\\View->render()
#26 /home/go4database.com/public_html/@core/vendor/laravel/framework/src/Illuminate/Filesystem/Filesystem.php(109): require('...')
#27 /home/go4database.com/public_html/@core/vendor/laravel/framework/src/Illuminate/Filesystem/Filesystem.php(110): Illuminate\\Filesystem\\Filesystem::Illuminate\\Filesystem\\{closure}()
#28 /home/go4database.com/public_html/@core/vendor/laravel/framework/src/Illuminate/View/Engines/PhpEngine.php(58): Illuminate\\Filesystem\\Filesystem->getRequire()
#29 /home/go4database.com/public_html/@core/vendor/laravel/framework/src/Illuminate/View/Engines/CompilerEngine.php(70): Illuminate\\View\\Engines\\PhpEngine->evaluatePath()
#30 /home/go4database.com/public_html/@core/vendor/laravel/framework/src/Illuminate/View/View.php(152): Illuminate\\View\\Engines\\CompilerEngine->get()
#31 /home/go4database.com/public_html/@core/vendor/laravel/framework/src/Illuminate/View/View.php(135): Illuminate\\View\\View->getContents()
#32 /home/go4database.com/public_html/@core/vendor/laravel/framework/src/Illuminate/View/View.php(104): Illuminate\\View\\View->renderContents()
#33 /home/go4database.com/public_html/@core/vendor/laravel/framework/src/Illuminate/Http/Response.php(69): Illuminate\\View\\View->render()
#34 /home/go4database.com/public_html/@core/vendor/laravel/framework/src/Illuminate/Http/Response.php(35): Illuminate\\Http\\Response->setContent()
#35 /home/go4database.com/public_html/@core/vendor/laravel/framework/src/Illuminate/Routing/Router.php(906): Illuminate\\Http\\Response->__construct()
#36 /home/go4database.com/public_html/@core/vendor/laravel/framework/src/Illuminate/Routing/Router.php(875): Illuminate\\Routing\\Router::toResponse()
#37 /home/go4database.com/public_html/@core/vendor/laravel/framework/src/Illuminate/Routing/Router.php(797): Illuminate\\Routing\\Router->prepareResponse()
#38 /home/go4database.com/public_html/@core/vendor/laravel/framework/src/Illuminate/Pipeline/Pipeline.php(141): Illuminate\\Routing\\Router->Illuminate\\Routing\\{closure}()
#39 /home/go4database.com/public_html/@core/app/Http/Middleware/HtmlMinifier.php(13): Illuminate\\Pipeline\\Pipeline->Illuminate\\Pipeline\\{closure}()
#40 /home/go4database.com/public_html/@core/vendor/laravel/framework/src/Illuminate/Pipeline/Pipeline.php(180): App\\Http\\Middleware\\HtmlMinifier->handle()
#41 /home/go4database.com/public_html/@core/app/Http/Middleware/MaintainsMode.php(22): Illuminate\\Pipeline\\Pipeline->Illuminate\\Pipeline\\{closure}()
#42 /home/go4database.com/public_html/@core/vendor/laravel/framework/src/Illuminate/Pipeline/Pipeline.php(180): App\\Http\\Middleware\\MaintainsMode->handle()
#43 /home/go4database.com/public_html/@core/app/Http/Middleware/GlobalVariableMiddleware.php(145): Illuminate\\Pipeline\\Pipeline->Illuminate\\Pipeline\\{closure}()
#44 /home/go4database.com/public_html/@core/vendor/laravel/framework/src/Illuminate/Pipeline/Pipeline.php(180): App\\Http\\Middleware\\GlobalVariableMiddleware->handle()
#45 /home/go4database.com/public_html/@core/app/Http/Middleware/SetUserLanguages.php(35): Illuminate\\Pipeline\\Pipeline->Illuminate\\Pipeline\\{closure}()
#46 /home/go4database.com/public_html/@core/vendor/laravel/framework/src/Illuminate/Pipeline/Pipeline.php(180): App\\Http\\Middleware\\SetUserLanguages->handle()
#47 /home/go4database.com/public_html/@core/app/Http/Middleware/RemoveTrailingSlash.php(33): Illuminate\\Pipeline\\Pipeline->Illuminate\\Pipeline\\{closure}()
#48 /home/go4database.com/public_html/@core/vendor/laravel/framework/src/Illuminate/Pipeline/Pipeline.php(180): App\\Http\\Middleware\\RemoveTrailingSlash->handle()
#49 /home/go4database.com/public_html/@core/vendor/laravel/framework/src/Illuminate/Routing/Middleware/SubstituteBindings.php(50): Illuminate\\Pipeline\\Pipeline->Illuminate\\Pipeline\\{closure}()
#50 /home/go4database.com/public_html/@core/vendor/laravel/framework/src/Illuminate/Pipeline/Pipeline.php(180): Illuminate\\Routing\\Middleware\\SubstituteBindings->handle()
#51 /home/go4database.com/public_html/@core/vendor/laravel/framework/src/Illuminate/Foundation/Http/Middleware/VerifyCsrfToken.php(78): Illuminate\\Pipeline\\Pipeline->Illuminate\\Pipeline\\{closure}()
#52 /home/go4database.com/public_html/@core/vendor/laravel/framework/src/Illuminate/Pipeline/Pipeline.php(180): Illuminate\\Foundation\\Http\\Middleware\\VerifyCsrfToken->handle()
#53 /home/go4database.com/public_html/@core/vendor/laravel/framework/src/Illuminate/View/Middleware/ShareErrorsFromSession.php(49): Illuminate\\Pipeline\\Pipeline->Illuminate\\Pipeline\\{closure}()
#54 /home/go4database.com/public_html/@core/vendor/laravel/framework/src/Illuminate/Pipeline/Pipeline.php(180): Illuminate\\View\\Middleware\\ShareErrorsFromSession->handle()
#55 /home/go4database.com/public_html/@core/vendor/laravel/framework/src/Illuminate/Session/Middleware/StartSession.php(121): Illuminate\\Pipeline\\Pipeline->Illuminate\\Pipeline\\{closure}()
#56 /home/go4database.com/public_html/@core/vendor/laravel/framework/src/Illuminate/Session/Middleware/StartSession.php(64): Illuminate\\Session\\Middleware\\StartSession->handleStatefulRequest()
#57 /home/go4database.com/public_html/@core/vendor/laravel/framework/src/Illuminate/Pipeline/Pipeline.php(180): Illuminate\\Session\\Middleware\\StartSession->handle()
#58 /home/go4database.com/public_html/@core/vendor/laravel/framework/src/Illuminate/Cookie/Middleware/AddQueuedCookiesToResponse.php(37): Illuminate\\Pipeline\\Pipeline->Illuminate\\Pipeline\\{closure}()
#59 /home/go4database.com/public_html/@core/vendor/laravel/framework/src/Illuminate/Pipeline/Pipeline.php(180): Illuminate\\Cookie\\Middleware\\AddQueuedCookiesToResponse->handle()
#60 /home/go4database.com/public_html/@core/vendor/laravel/framework/src/Illuminate/Cookie/Middleware/EncryptCookies.php(67): Illuminate\\Pipeline\\Pipeline->Illuminate\\Pipeline\\{closure}()
#61 /home/go4database.com/public_html/@core/vendor/laravel/framework/src/Illuminate/Pipeline/Pipeline.php(180): Illuminate\\Cookie\\Middleware\\EncryptCookies->handle()
#62 /home/go4database.com/public_html/@core/vendor/laravel/framework/src/Illuminate/Pipeline/Pipeline.php(116): Illuminate\\Pipeline\\Pipeline->Illuminate\\Pipeline\\{closure}()
#63 /home/go4database.com/public_html/@core/vendor/laravel/framework/src/Illuminate/Routing/Router.php(797): Illuminate\\Pipeline\\Pipeline->then()
#64 /home/go4database.com/public_html/@core/vendor/laravel/framework/src/Illuminate/Routing/Router.php(776): Illuminate\\Routing\\Router->runRouteWithinStack()
#65 /home/go4database.com/public_html/@core/vendor/laravel/framework/src/Illuminate/Routing/Router.php(740): Illuminate\\Routing\\Router->runRoute()
#66 /home/go4database.com/public_html/@core/vendor/laravel/framework/src/Illuminate/Routing/Router.php(729): Illuminate\\Routing\\Router->dispatchToRoute()
#67 /home/go4database.com/public_html/@core/vendor/laravel/framework/src/Illuminate/Foundation/Http/Kernel.php(190): Illuminate\\Routing\\Router->dispatch()
#68 /home/go4database.com/public_html/@core/vendor/laravel/framework/src/Illuminate/Pipeline/Pipeline.php(141): Illuminate\\Foundation\\Http\\Kernel->Illuminate\\Foundation\\Http\\{closure}()
#69 /home/go4database.com/public_html/@core/vendor/laravel/framework/src/Illuminate/Foundation/Http/Middleware/TransformsRequest.php(21): Illuminate\\Pipeline\\Pipeline->Illuminate\\Pipeline\\{closure}()
#70 /home/go4database.com/public_html/@core/vendor/laravel/framework/src/Illuminate/Foundation/Http/Middleware/ConvertEmptyStringsToNull.php(31): Illuminate\\Foundation\\Http\\Middleware\\TransformsRequest->handle()
#71 /home/go4database.com/public_html/@core/vendor/laravel/framework/src/Illuminate/Pipeline/Pipeline.php(180): Illuminate\\Foundation\\Http\\Middleware\\ConvertEmptyStringsToNull->handle()
#72 /home/go4database.com/public_html/@core/vendor/laravel/framework/src/Illuminate/Foundation/Http/Middleware/TransformsRequest.php(21): Illuminate\\Pipeline\\Pipeline->Illuminate\\Pipeline\\{closure}()
#73 /home/go4database.com/public_html/@core/vendor/laravel/framework/src/Illuminate/Foundation/Http/Middleware/TrimStrings.php(40): Illuminate\\Foundation\\Http\\Middleware\\TransformsRequest->handle()
#74 /home/go4database.com/public_html/@core/vendor/laravel/framework/src/Illuminate/Pipeline/Pipeline.php(180): Illuminate\\Foundation\\Http\\Middleware\\TrimStrings->handle()
#75 /home/go4database.com/public_html/@core/vendor/laravel/framework/src/Illuminate/Foundation/Http/Middleware/ValidatePostSize.php(27): Illuminate\\Pipeline\\Pipeline->Illuminate\\Pipeline\\{closure}()
#76 /home/go4database.com/public_html/@core/vendor/laravel/framework/src/Illuminate/Pipeline/Pipeline.php(180): Illuminate\\Foundation\\Http\\Middleware\\ValidatePostSize->handle()
#77 /home/go4database.com/public_html/@core/vendor/laravel/framework/src/Illuminate/Foundation/Http/Middleware/PreventRequestsDuringMaintenance.php(86): Illuminate\\Pipeline\\Pipeline->Illuminate\\Pipeline\\{closure}()
#78 /home/go4database.com/public_html/@core/vendor/laravel/framework/src/Illuminate/Pipeline/Pipeline.php(180): Illuminate\\Foundation\\Http\\Middleware\\PreventRequestsDuringMaintenance->handle()
#79 /home/go4database.com/public_html/@core/vendor/fruitcake/laravel-cors/src/HandleCors.php(38): Illuminate\\Pipeline\\Pipeline->Illuminate\\Pipeline\\{closure}()
#80 /home/go4database.com/public_html/@core/vendor/laravel/framework/src/Illuminate/Pipeline/Pipeline.php(180): Fruitcake\\Cors\\HandleCors->handle()
#81 /home/go4database.com/public_html/@core/vendor/laravel/framework/src/Illuminate/Http/Middleware/TrustProxies.php(39): Illuminate\\Pipeline\\Pipeline->Illuminate\\Pipeline\\{closure}()
#82 /home/go4database.com/public_html/@core/vendor/laravel/framework/src/Illuminate/Pipeline/Pipeline.php(180): Illuminate\\Http\\Middleware\\TrustProxies->handle()
#83 /home/go4database.com/public_html/@core/vendor/laravel/framework/src/Illuminate/Pipeline/Pipeline.php(116): Illuminate\\Pipeline\\Pipeline->Illuminate\\Pipeline\\{closure}()
#84 /home/go4database.com/public_html/@core/vendor/laravel/framework/src/Illuminate/Foundation/Http/Kernel.php(165): Illuminate\\Pipeline\\Pipeline->then()
#85 /home/go4database.com/public_html/@core/vendor/laravel/framework/src/Illuminate/Foundation/Http/Kernel.php(134): Illuminate\\Foundation\\Http\\Kernel->sendRequestThroughRouter()
#86 /home/go4database.com/public_html/index.php(58): Illuminate\\Foundation\\Http\\Kernel->handle()
#87 {main}
"} 
[2026-09-15 09:04:16] local.ERROR: Undefined variable $schemaGraph {"view":{"view":"/home/go4database.com/public_html/@core/resources/views/frontend/partials/og-meta.blade.php","data":[]},"exception":"[object] (Spatie\\LaravelIgnition\\Exceptions\\ViewException(code: 0): Undefined variable $schemaGraph at /home/go4database.com/public_html/@core/resources/views/frontend/partials/og-meta.blade.php:954)
[stacktrace]
#0 /home/go4database.com/public_html/@core/vendor/laravel/framework/src/Illuminate/Foundation/Bootstrap/HandleExceptions.php(266): Illuminate\\Foundation\\Bootstrap\\HandleExceptions->handleError()
#1 /home/go4database.com/public_html/@core/resources/views/frontend/partials/og-meta.blade.php(954): Illuminate\\Foundation\\Bootstrap\\HandleExceptions->Illuminate\\Foundation\\Bootstrap\\{closure}()
#2 /home/go4database.com/public_html/@core/vendor/laravel/framework/src/Illuminate/Filesystem/Filesystem.php(109): require('...')
#3 /home/go4database.com/public_html/@core/vendor/laravel/framework/src/Illuminate/Filesystem/Filesystem.php(110): Illuminate\\Filesystem\\Filesystem::Illuminate\\Filesystem\\{closure}()
#4 /home/go4database.com/public_html/@core/vendor/laravel/framework/src/Illuminate/View/Engines/PhpEngine.php(58): Illuminate\\Filesystem\\Filesystem->getRequire()
#5 /home/go4database.com/public_html/@core/vendor/laravel/framework/src/Illuminate/View/Engines/CompilerEngine.php(70): Illuminate\\View\\Engines\\PhpEngine->evaluatePath()
#6 /home/go4database.com/public_html/@core/vendor/laravel/framework/src/Illuminate/View/View.php(152): Illuminate\\View\\Engines\\CompilerEngine->get()
#7 /home/go4database.com/public_html/@core/vendor/laravel/framework/src/Illuminate/View/View.php(135): Illuminate\\View\\View->getContents()
#8 /home/go4database.com/public_html/@core/vendor/laravel/framework/src/Illuminate/View/View.php(104): Illuminate\\View\\View->renderContents()
#9 /home/go4database.com/public_html/@core/resources/views/frontend/partials/header.blade.php(97): Illuminate\\View\\View->render()
#10 /home/go4database.com/public_html/@core/vendor/laravel/framework/src/Illuminate/Filesystem/Filesystem.php(109): require('...')
#11 /home/go4database.com/public_html/@core/vendor/laravel/framework/src/Illuminate/Filesystem/Filesystem.php(110): Illuminate\\Filesystem\\Filesystem::Illuminate\\Filesystem\\{closure}()
#12 /home/go4database.com/public_html/@core/vendor/laravel/framework/src/Illuminate/View/Engines/PhpEngine.php(58): Illuminate\\Filesystem\\Filesystem->getRequire()
#13 /home/go4database.com/public_html/@core/vendor/laravel/framework/src/Illuminate/View/Engines/CompilerEngine.php(70): Illuminate\\View\\Engines\\PhpEngine->evaluatePath()
#14 /home/go4database.com/public_html/@core/vendor/laravel/framework/src/Illuminate/View/View.php(152): Illuminate\\View\\Engines\\CompilerEngine->get()
#15 /home/go4database.com/public_html/@core/vendor/laravel/framework/src/Illuminate/View/View.php(135): Illuminate\\View\\View->getContents()
#16 /home/go4database.com/public_html/@core/vendor/laravel/framework/src/Illuminate/View/View.php(104): Illuminate\\View\\View->renderContents()
#17 /home/go4database.com/public_html/@core/resources/views/frontend/frontend-page-master.blade.php(1): Illuminate\\View\\View->render()
#18 /home/go4database.com/public_html/@core/vendor/laravel/framework/src/Illuminate/Filesystem/Filesystem.php(109): require('...')
#19 /home/go4database.com/public_html/@core/vendor/laravel/framework/src/Illuminate/Filesystem/Filesystem.php(110): Illuminate\\Filesystem\\Filesystem::Illuminate\\Filesystem\\{closure}()
#20 /home/go4database.com/public_html/@core/vendor/laravel/framework/src/Illuminate/View/Engines/PhpEngine.php(58): Illuminate\\Filesystem\\Filesystem->getRequire()
#21 /home/go4database.com/public_html/@core/vendor/laravel/framework/src/Illuminate/View/Engines/CompilerEngine.php(70): Illuminate\\View\\Engines\\PhpEngine->evaluatePath()
#22 /home/go4database.com/public_html/@core/vendor/laravel/framework/src/Illuminate/View/View.php(152): Illuminate\\View\\Engines\\CompilerEngine->get()
#23 /home/go4database.com/public_html/@core/vendor/laravel/framework/src/Illuminate/View/View.php(135): Illuminate\\View\\View->getContents()
#24 /home/go4database.com/public_html/@core/vendor/laravel/framework/src/Illuminate/View/View.php(104): Illuminate\\View\\View->renderContents()
#25 /home/go4database.com/public_html/@core/resources/views/frontend/pages/work/work-single.blade.php(120): Illuminate\\View\\View->render()
#26 /home/go4database.com/public_html/@core/vendor/laravel/framework/src/Illuminate/Filesystem/Filesystem.php(109): require('...')
#27 /home/go4database.com/public_html/@core/vendor/laravel/framework/src/Illuminate/Filesystem/Filesystem.php(110): Illuminate\\Filesystem\\Filesystem::Illuminate\\Filesystem\\{closure}()
#28 /home/go4database.com/public_html/@core/vendor/laravel/framework/src/Illuminate/View/Engines/PhpEngine.php(58): Illuminate\\Filesystem\\Filesystem->getRequire()
#29 /home/go4database.com/public_html/@core/vendor/laravel/framework/src/Illuminate/View/Engines/CompilerEngine.php(70): Illuminate\\View\\Engines\\PhpEngine->evaluatePath()
#30 /home/go4database.com/public_html/@core/vendor/laravel/framework/src/Illuminate/View/View.php(152): Illuminate\\View\\Engines\\CompilerEngine->get()
#31 /home/go4database.com/public_html/@core/vendor/laravel/framework/src/Illuminate/View/View.php(135): Illuminate\\View\\View->getContents()
#32 /home/go4database.com/public_html/@core/vendor/laravel/framework/src/Illuminate/View/View.php(104): Illuminate\\View\\View->renderContents()
#33 /home/go4database.com/public_html/@core/vendor/laravel/framework/src/Illuminate/Http/Response.php(69): Illuminate\\View\\View->render()
#34 /home/go4database.com/public_html/@core/vendor/laravel/framework/src/Illuminate/Http/Response.php(35): Illuminate\\Http\\Response->setContent()
#35 /home/go4database.com/public_html/@core/vendor/laravel/framework/src/Illuminate/Routing/Router.php(906): Illuminate\\Http\\Response->__construct()
#36 /home/go4database.com/public_html/@core/vendor/laravel/framework/src/Illuminate/Routing/Router.php(875): Illuminate\\Routing\\Router::toResponse()
#37 /home/go4database.com/public_html/@core/vendor/laravel/framework/src/Illuminate/Routing/Router.php(797): Illuminate\\Routing\\Router->prepareResponse()
#38 /home/go4database.com/public_html/@core/vendor/laravel/framework/src/Illuminate/Pipeline/Pipeline.php(141): Illuminate\\Routing\\Router->Illuminate\\Routing\\{closure}()
#39 /home/go4database.com/public_html/@core/app/Http/Middleware/HtmlMinifier.php(13): Illuminate\\Pipeline\\Pipeline->Illuminate\\Pipeline\\{closure}()
#40 /home/go4database.com/public_html/@core/vendor/laravel/framework/src/Illuminate/Pipeline/Pipeline.php(180): App\\Http\\Middleware\\HtmlMinifier->handle()
#41 /home/go4database.com/public_html/@core/app/Http/Middleware/MaintainsMode.php(22): Illuminate\\Pipeline\\Pipeline->Illuminate\\Pipeline\\{closure}()
#42 /home/go4database.com/public_html/@core/vendor/laravel/framework/src/Illuminate/Pipeline/Pipeline.php(180): App\\Http\\Middleware\\MaintainsMode->handle()
#43 /home/go4database.com/public_html/@core/app/Http/Middleware/GlobalVariableMiddleware.php(145): Illuminate\\Pipeline\\Pipeline->Illuminate\\Pipeline\\{closure}()
#44 /home/go4database.com/public_html/@core/vendor/laravel/framework/src/Illuminate/Pipeline/Pipeline.php(180): App\\Http\\Middleware\\GlobalVariableMiddleware->handle()
#45 /home/go4database.com/public_html/@core/app/Http/Middleware/SetUserLanguages.php(35): Illuminate\\Pipeline\\Pipeline->Illuminate\\Pipeline\\{closure}()
#46 /home/go4database.com/public_html/@core/vendor/laravel/framework/src/Illuminate/Pipeline/Pipeline.php(180): App\\Http\\Middleware\\SetUserLanguages->handle()
#47 /home/go4database.com/public_html/@core/app/Http/Middleware/RemoveTrailingSlash.php(33): Illuminate\\Pipeline\\Pipeline->Illuminate\\Pipeline\\{closure}()
#48 /home/go4database.com/public_html/@core/vendor/laravel/framework/src/Illuminate/Pipeline/Pipeline.php(180): App\\Http\\Middleware\\RemoveTrailingSlash->handle()
#49 /home/go4database.com/public_html/@core/vendor/laravel/framework/src/Illuminate/Routing/Middleware/SubstituteBindings.php(50): Illuminate\\Pipeline\\Pipeline->Illuminate\\Pipeline\\{closure}()
#50 /home/go4database.com/public_html/@core/vendor/laravel/framework/src/Illuminate/Pipeline/Pipeline.php(180): Illuminate\\Routing\\Middleware\\SubstituteBindings->handle()
#51 /home/go4database.com/public_html/@core/vendor/laravel/framework/src/Illuminate/Foundation/Http/Middleware/VerifyCsrfToken.php(78): Illuminate\\Pipeline\\Pipeline->Illuminate\\Pipeline\\{closure}()
#52 /home/go4database.com/public_html/@core/vendor/laravel/framework/src/Illuminate/Pipeline/Pipeline.php(180): Illuminate\\Foundation\\Http\\Middleware\\VerifyCsrfToken->handle()
#53 /home/go4database.com/public_html/@core/vendor/laravel/framework/src/Illuminate/View/Middleware/ShareErrorsFromSession.php(49): Illuminate\\Pipeline\\Pipeline->Illuminate\\Pipeline\\{closure}()
#54 /home/go4database.com/public_html/@core/vendor/laravel/framework/src/Illuminate/Pipeline/Pipeline.php(180): Illuminate\\View\\Middleware\\ShareErrorsFromSession->handle()
#55 /home/go4database.com/public_html/@core/vendor/laravel/framework/src/Illuminate/Session/Middleware/StartSession.php(121): Illuminate\\Pipeline\\Pipeline->Illuminate\\Pipeline\\{closure}()
#56 /home/go4database.com/public_html/@core/vendor/laravel/framework/src/Illuminate/Session/Middleware/StartSession.php(64): Illuminate\\Session\\Middleware\\StartSession->handleStatefulRequest()
#57 /home/go4database.com/public_html/@core/vendor/laravel/framework/src/Illuminate/Pipeline/Pipeline.php(180): Illuminate\\Session\\Middleware\\StartSession->handle()
#58 /home/go4database.com/public_html/@core/vendor/laravel/framework/src/Illuminate/Cookie/Middleware/AddQueuedCookiesToResponse.php(37): Illuminate\\Pipeline\\Pipeline->Illuminate\\Pipeline\\{closure}()
#59 /home/go4database.com/public_html/@core/vendor/laravel/framework/src/Illuminate/Pipeline/Pipeline.php(180): Illuminate\\Cookie\\Middleware\\AddQueuedCookiesToResponse->handle()
#60 /home/go4database.com/public_html/@core/vendor/laravel/framework/src/Illuminate/Cookie/Middleware/EncryptCookies.php(67): Illuminate\\Pipeline\\Pipeline->Illuminate\\Pipeline\\{closure}()
#61 /home/go4database.com/public_html/@core/vendor/laravel/framework/src/Illuminate/Pipeline/Pipeline.php(180): Illuminate\\Cookie\\Middleware\\EncryptCookies->handle()
#62 /home/go4database.com/public_html/@core/vendor/laravel/framework/src/Illuminate/Pipeline/Pipeline.php(116): Illuminate\\Pipeline\\Pipeline->Illuminate\\Pipeline\\{closure}()
#63 /home/go4database.com/public_html/@core/vendor/laravel/framework/src/Illuminate/Routing/Router.php(797): Illuminate\\Pipeline\\Pipeline->then()
#64 /home/go4database.com/public_html/@core/vendor/laravel/framework/src/Illuminate/Routing/Router.php(776): Illuminate\\Routing\\Router->runRouteWithinStack()
#65 /home/go4database.com/public_html/@core/vendor/laravel/framework/src/Illuminate/Routing/Router.php(740): Illuminate\\Routing\\Router->runRoute()
#66 /home/go4database.com/public_html/@core/vendor/laravel/framework/src/Illuminate/Routing/Router.php(729): Illuminate\\Routing\\Router->dispatchToRoute()
#67 /home/go4database.com/public_html/@core/vendor/laravel/framework/src/Illuminate/Foundation/Http/Kernel.php(190): Illuminate\\Routing\\Router->dispatch()
#68 /home/go4database.com/public_html/@core/vendor/laravel/framework/src/Illuminate/Pipeline/Pipeline.php(141): Illuminate\\Foundation\\Http\\Kernel->Illuminate\\Foundation\\Http\\{closure}()
#69 /home/go4database.com/public_html/@core/vendor/laravel/framework/src/Illuminate/Foundation/Http/Middleware/TransformsRequest.php(21): Illuminate\\Pipeline\\Pipeline->Illuminate\\Pipeline\\{closure}()
#70 /home/go4database.com/public_html/@core/vendor/laravel/framework/src/Illuminate/Foundation/Http/Middleware/ConvertEmptyStringsToNull.php(31): Illuminate\\Foundation\\Http\\Middleware\\TransformsRequest->handle()
#71 /home/go4database.com/public_html/@core/vendor/laravel/framework/src/Illuminate/Pipeline/Pipeline.php(180): Illuminate\\Foundation\\Http\\Middleware\\ConvertEmptyStringsToNull->handle()
#72 /home/go4database.com/public_html/@core/vendor/laravel/framework/src/Illuminate/Foundation/Http/Middleware/TransformsRequest.php(21): Illuminate\\Pipeline\\Pipeline->Illuminate\\Pipeline\\{closure}()
#73 /home/go4database.com/public_html/@core/vendor/laravel/framework/src/Illuminate/Foundation/Http/Middleware/TrimStrings.php(40): Illuminate\\Foundation\\Http\\Middleware\\TransformsRequest->handle()
#74 /home/go4database.com/public_html/@core/vendor/laravel/framework/src/Illuminate/Pipeline/Pipeline.php(180): Illuminate\\Foundation\\Http\\Middleware\\TrimStrings->handle()
#75 /home/go4database.com/public_html/@core/vendor/laravel/framework/src/Illuminate/Foundation/Http/Middleware/ValidatePostSize.php(27): Illuminate\\Pipeline\\Pipeline->Illuminate\\Pipeline\\{closure}()
#76 /home/go4database.com/public_html/@core/vendor/laravel/framework/src/Illuminate/Pipeline/Pipeline.php(180): Illuminate\\Foundation\\Http\\Middleware\\ValidatePostSize->handle()
#77 /home/go4database.com/public_html/@core/vendor/laravel/framework/src/Illuminate/Foundation/Http/Middleware/PreventRequestsDuringMaintenance.php(86): Illuminate\\Pipeline\\Pipeline->Illuminate\\Pipeline\\{closure}()
#78 /home/go4database.com/public_html/@core/vendor/laravel/framework/src/Illuminate/Pipeline/Pipeline.php(180): Illuminate\\Foundation\\Http\\Middleware\\PreventRequestsDuringMaintenance->handle()
#79 /home/go4database.com/public_html/@core/vendor/fruitcake/laravel-cors/src/HandleCors.php(38): Illuminate\\Pipeline\\Pipeline->Illuminate\\Pipeline\\{closure}()
#80 /home/go4database.com/public_html/@core/vendor/laravel/framework/src/Illuminate/Pipeline/Pipeline.php(180): Fruitcake\\Cors\\HandleCors->handle()
#81 /home/go4database.com/public_html/@core/vendor/laravel/framework/src/Illuminate/Http/Middleware/TrustProxies.php(39): Illuminate\\Pipeline\\Pipeline->Illuminate\\Pipeline\\{closure}()
#82 /home/go4database.com/public_html/@core/vendor/laravel/framework/src/Illuminate/Pipeline/Pipeline.php(180): Illuminate\\Http\\Middleware\\TrustProxies->handle()
#83 /home/go4database.com/public_html/@core/vendor/laravel/framework/src/Illuminate/Pipeline/Pipeline.php(116): Illuminate\\Pipeline\\Pipeline->Illuminate\\Pipeline\\{closure}()
#84 /home/go4database.com/public_html/@core/vendor/laravel/framework/src/Illuminate/Foundation/Http/Kernel.php(165): Illuminate\\Pipeline\\Pipeline->then()
#85 /home/go4database.com/public_html/@core/vendor/laravel/framework/src/Illuminate/Foundation/Http/Kernel.php(134): Illuminate\\Foundation\\Http\\Kernel->sendRequestThroughRouter()
#86 /home/go4database.com/public_html/index.php(58): Illuminate\\Foundation\\Http\\Kernel->handle()
#87 {main}

[previous exception] [object] (ErrorException(code: 0): Undefined variable $schemaGraph at /home/go4database.com/public_html/@core/storage/framework/views/221fcdb7e4a203ba0603243f02c9752c069f85ad.php:1014)
[stacktrace]
#0 /home/go4database.com/public_html/@core/vendor/laravel/framework/src/Illuminate/Foundation/Bootstrap/HandleExceptions.php(266): Illuminate\\Foundation\\Bootstrap\\HandleExceptions->handleError()
#1 /home/go4database.com/public_html/@core/storage/framework/views/221fcdb7e4a203ba0603243f02c9752c069f85ad.php(1014): Illuminate\\Foundation\\Bootstrap\\HandleExceptions->Illuminate\\Foundation\\Bootstrap\\{closure}()
#2 /home/go4database.com/public_html/@core/vendor/laravel/framework/src/Illuminate/Filesystem/Filesystem.php(109): require('...')
#3 /home/go4database.com/public_html/@core/vendor/laravel/framework/src/Illuminate/Filesystem/Filesystem.php(110): Illuminate\\Filesystem\\Filesystem::Illuminate\\Filesystem\\{closure}()
#4 /home/go4database.com/public_html/@core/vendor/laravel/framework/src/Illuminate/View/Engines/PhpEngine.php(58): Illuminate\\Filesystem\\Filesystem->getRequire()
#5 /home/go4database.com/public_html/@core/vendor/laravel/framework/src/Illuminate/View/Engines/CompilerEngine.php(70): Illuminate\\View\\Engines\\PhpEngine->evaluatePath()
#6 /home/go4database.com/public_html/@core/vendor/laravel/framework/src/Illuminate/View/View.php(152): Illuminate\\View\\Engines\\CompilerEngine->get()
#7 /home/go4database.com/public_html/@core/vendor/laravel/framework/src/Illuminate/View/View.php(135): Illuminate\\View\\View->getContents()
#8 /home/go4database.com/public_html/@core/vendor/laravel/framework/src/Illuminate/View/View.php(104): Illuminate\\View\\View->renderContents()
#9 /home/go4database.com/public_html/@core/storage/framework/views/f32cb2db49a58a35455242ca81432863c5a7dcf2.php(99): Illuminate\\View\\View->render()
#10 /home/go4database.com/public_html/@core/vendor/laravel/framework/src/Illuminate/Filesystem/Filesystem.php(109): require('...')
#11 /home/go4database.com/public_html/@core/vendor/laravel/framework/src/Illuminate/Filesystem/Filesystem.php(110): Illuminate\\Filesystem\\Filesystem::Illuminate\\Filesystem\\{closure}()
#12 /home/go4database.com/public_html/@core/vendor/laravel/framework/src/Illuminate/View/Engines/PhpEngine.php(58): Illuminate\\Filesystem\\Filesystem->getRequire()
#13 /home/go4database.com/public_html/@core/vendor/laravel/framework/src/Illuminate/View/Engines/CompilerEngine.php(70): Illuminate\\View\\Engines\\PhpEngine->evaluatePath()
#14 /home/go4database.com/public_html/@core/vendor/laravel/framework/src/Illuminate/View/View.php(152): Illuminate\\View\\Engines\\CompilerEngine->get()
#15 /home/go4database.com/public_html/@core/vendor/laravel/framework/src/Illuminate/View/View.php(135): Illuminate\\View\\View->getContents()
#16 /home/go4database.com/public_html/@core/vendor/laravel/framework/src/Illuminate/View/View.php(104): Illuminate\\View\\View->renderContents()
#17 /home/go4database.com/public_html/@core/storage/framework/views/b5c5cb5450fea018ae94272147b0c51b472de20c.php(1): Illuminate\\View\\View->render()
#18 /home/go4database.com/public_html/@core/vendor/laravel/framework/src/Illuminate/Filesystem/Filesystem.php(109): require('...')
#19 /home/go4database.com/public_html/@core/vendor/laravel/framework/src/Illuminate/Filesystem/Filesystem.php(110): Illuminate\\Filesystem\\Filesystem::Illuminate\\Filesystem\\{closure}()
#20 /home/go4database.com/public_html/@core/vendor/laravel/framework/src/Illuminate/View/Engines/PhpEngine.php(58): Illuminate\\Filesystem\\Filesystem->getRequire()
#21 /home/go4database.com/public_html/@core/vendor/laravel/framework/src/Illuminate/View/Engines/CompilerEngine.php(70): Illuminate\\View\\Engines\\PhpEngine->evaluatePath()
#22 /home/go4database.com/public_html/@core/vendor/laravel/framework/src/Illuminate/View/View.php(152): Illuminate\\View\\Engines\\CompilerEngine->get()
#23 /home/go4database.com/public_html/@core/vendor/laravel/framework/src/Illuminate/View/View.php(135): Illuminate\\View\\View->getContents()
#24 /home/go4database.com/public_html/@core/vendor/laravel/framework/src/Illuminate/View/View.php(104): Illuminate\\View\\View->renderContents()
#25 /home/go4database.com/public_html/@core/storage/framework/views/56a6d0adf64e4d2f1ff44635206d14308d634643.php(130): Illuminate\\View\\View->render()
#26 /home/go4database.com/public_html/@core/vendor/laravel/framework/src/Illuminate/Filesystem/Filesystem.php(109): require('...')
#27 /home/go4database.com/public_html/@core/vendor/laravel/framework/src/Illuminate/Filesystem/Filesystem.php(110): Illuminate\\Filesystem\\Filesystem::Illuminate\\Filesystem\\{closure}()
#28 /home/go4database.com/public_html/@core/vendor/laravel/framework/src/Illuminate/View/Engines/PhpEngine.php(58): Illuminate\\Filesystem\\Filesystem->getRequire()
#29 /home/go4database.com/public_html/@core/vendor/laravel/framework/src/Illuminate/View/Engines/CompilerEngine.php(70): Illuminate\\View\\Engines\\PhpEngine->evaluatePath()
#30 /home/go4database.com/public_html/@core/vendor/laravel/framework/src/Illuminate/View/View.php(152): Illuminate\\View\\Engines\\CompilerEngine->get()
#31 /home/go4database.com/public_html/@core/vendor/laravel/framework/src/Illuminate/View/View.php(135): Illuminate\\View\\View->getContents()
#32 /home/go4database.com/public_html/@core/vendor/laravel/framework/src/Illuminate/View/View.php(104): Illuminate\\View\\View->renderContents()
#33 /home/go4database.com/public_html/@core/vendor/laravel/framework/src/Illuminate/Http/Response.php(69): Illuminate\\View\\View->render()
#34 /home/go4database.com/public_html/@core/vendor/laravel/framework/src/Illuminate/Http/Response.php(35): Illuminate\\Http\\Response->setContent()
#35 /home/go4database.com/public_html/@core/vendor/laravel/framework/src/Illuminate/Routing/Router.php(906): Illuminate\\Http\\Response->__construct()
#36 /home/go4database.com/public_html/@core/vendor/laravel/framework/src/Illuminate/Routing/Router.php(875): Illuminate\\Routing\\Router::toResponse()
#37 /home/go4database.com/public_html/@core/vendor/laravel/framework/src/Illuminate/Routing/Router.php(797): Illuminate\\Routing\\Router->prepareResponse()
#38 /home/go4database.com/public_html/@core/vendor/laravel/framework/src/Illuminate/Pipeline/Pipeline.php(141): Illuminate\\Routing\\Router->Illuminate\\Routing\\{closure}()
#39 /home/go4database.com/public_html/@core/app/Http/Middleware/HtmlMinifier.php(13): Illuminate\\Pipeline\\Pipeline->Illuminate\\Pipeline\\{closure}()
#40 /home/go4database.com/public_html/@core/vendor/laravel/framework/src/Illuminate/Pipeline/Pipeline.php(180): App\\Http\\Middleware\\HtmlMinifier->handle()
#41 /home/go4database.com/public_html/@core/app/Http/Middleware/MaintainsMode.php(22): Illuminate\\Pipeline\\Pipeline->Illuminate\\Pipeline\\{closure}()
#42 /home/go4database.com/public_html/@core/vendor/laravel/framework/src/Illuminate/Pipeline/Pipeline.php(180): App\\Http\\Middleware\\MaintainsMode->handle()
#43 /home/go4database.com/public_html/@core/app/Http/Middleware/GlobalVariableMiddleware.php(145): Illuminate\\Pipeline\\Pipeline->Illuminate\\Pipeline\\{closure}()
#44 /home/go4database.com/public_html/@core/vendor/laravel/framework/src/Illuminate/Pipeline/Pipeline.php(180): App\\Http\\Middleware\\GlobalVariableMiddleware->handle()
#45 /home/go4database.com/public_html/@core/app/Http/Middleware/SetUserLanguages.php(35): Illuminate\\Pipeline\\Pipeline->Illuminate\\Pipeline\\{closure}()
#46 /home/go4database.com/public_html/@core/vendor/laravel/framework/src/Illuminate/Pipeline/Pipeline.php(180): App\\Http\\Middleware\\SetUserLanguages->handle()
#47 /home/go4database.com/public_html/@core/app/Http/Middleware/RemoveTrailingSlash.php(33): Illuminate\\Pipeline\\Pipeline->Illuminate\\Pipeline\\{closure}()
#48 /home/go4database.com/public_html/@core/vendor/laravel/framework/src/Illuminate/Pipeline/Pipeline.php(180): App\\Http\\Middleware\\RemoveTrailingSlash->handle()
#49 /home/go4database.com/public_html/@core/vendor/laravel/framework/src/Illuminate/Routing/Middleware/SubstituteBindings.php(50): Illuminate\\Pipeline\\Pipeline->Illuminate\\Pipeline\\{closure}()
#50 /home/go4database.com/public_html/@core/vendor/laravel/framework/src/Illuminate/Pipeline/Pipeline.php(180): Illuminate\\Routing\\Middleware\\SubstituteBindings->handle()
#51 /home/go4database.com/public_html/@core/vendor/laravel/framework/src/Illuminate/Foundation/Http/Middleware/VerifyCsrfToken.php(78): Illuminate\\Pipeline\\Pipeline->Illuminate\\Pipeline\\{closure}()
#52 /home/go4database.com/public_html/@core/vendor/laravel/framework/src/Illuminate/Pipeline/Pipeline.php(180): Illuminate\\Foundation\\Http\\Middleware\\VerifyCsrfToken->handle()
#53 /home/go4database.com/public_html/@core/vendor/laravel/framework/src/Illuminate/View/Middleware/ShareErrorsFromSession.php(49): Illuminate\\Pipeline\\Pipeline->Illuminate\\Pipeline\\{closure}()
#54 /home/go4database.com/public_html/@core/vendor/laravel/framework/src/Illuminate/Pipeline/Pipeline.php(180): Illuminate\\View\\Middleware\\ShareErrorsFromSession->handle()
#55 /home/go4database.com/public_html/@core/vendor/laravel/framework/src/Illuminate/Session/Middleware/StartSession.php(121): Illuminate\\Pipeline\\Pipeline->Illuminate\\Pipeline\\{closure}()
#56 /home/go4database.com/public_html/@core/vendor/laravel/framework/src/Illuminate/Session/Middleware/StartSession.php(64): Illuminate\\Session\\Middleware\\StartSession->handleStatefulRequest()
#57 /home/go4database.com/public_html/@core/vendor/laravel/framework/src/Illuminate/Pipeline/Pipeline.php(180): Illuminate\\Session\\Middleware\\StartSession->handle()
#58 /home/go4database.com/public_html/@core/vendor/laravel/framework/src/Illuminate/Cookie/Middleware/AddQueuedCookiesToResponse.php(37): Illuminate\\Pipeline\\Pipeline->Illuminate\\Pipeline\\{closure}()
#59 /home/go4database.com/public_html/@core/vendor/laravel/framework/src/Illuminate/Pipeline/Pipeline.php(180): Illuminate\\Cookie\\Middleware\\AddQueuedCookiesToResponse->handle()
#60 /home/go4database.com/public_html/@core/vendor/laravel/framework/src/Illuminate/Cookie/Middleware/EncryptCookies.php(67): Illuminate\\Pipeline\\Pipeline->Illuminate\\Pipeline\\{closure}()
#61 /home/go4database.com/public_html/@core/vendor/laravel/framework/src/Illuminate/Pipeline/Pipeline.php(180): Illuminate\\Cookie\\Middleware\\EncryptCookies->handle()
#62 /home/go4database.com/public_html/@core/vendor/laravel/framework/src/Illuminate/Pipeline/Pipeline.php(116): Illuminate\\Pipeline\\Pipeline->Illuminate\\Pipeline\\{closure}()
#63 /home/go4database.com/public_html/@core/vendor/laravel/framework/src/Illuminate/Routing/Router.php(797): Illuminate\\Pipeline\\Pipeline->then()
#64 /home/go4database.com/public_html/@core/vendor/laravel/framework/src/Illuminate/Routing/Router.php(776): Illuminate\\Routing\\Router->runRouteWithinStack()
#65 /home/go4database.com/public_html/@core/vendor/laravel/framework/src/Illuminate/Routing/Router.php(740): Illuminate\\Routing\\Router->runRoute()
#66 /home/go4database.com/public_html/@core/vendor/laravel/framework/src/Illuminate/Routing/Router.php(729): Illuminate\\Routing\\Router->dispatchToRoute()
#67 /home/go4database.com/public_html/@core/vendor/laravel/framework/src/Illuminate/Foundation/Http/Kernel.php(190): Illuminate\\Routing\\Router->dispatch()
#68 /home/go4database.com/public_html/@core/vendor/laravel/framework/src/Illuminate/Pipeline/Pipeline.php(141): Illuminate\\Foundation\\Http\\Kernel->Illuminate\\Foundation\\Http\\{closure}()
#69 /home/go4database.com/public_html/@core/vendor/laravel/framework/src/Illuminate/Foundation/Http/Middleware/TransformsRequest.php(21): Illuminate\\Pipeline\\Pipeline->Illuminate\\Pipeline\\{closure}()
#70 /home/go4database.com/public_html/@core/vendor/laravel/framework/src/Illuminate/Foundation/Http/Middleware/ConvertEmptyStringsToNull.php(31): Illuminate\\Foundation\\Http\\Middleware\\TransformsRequest->handle()
#71 /home/go4database.com/public_html/@core/vendor/laravel/framework/src/Illuminate/Pipeline/Pipeline.php(180): Illuminate\\Foundation\\Http\\Middleware\\ConvertEmptyStringsToNull->handle()
#72 /home/go4database.com/public_html/@core/vendor/laravel/framework/src/Illuminate/Foundation/Http/Middleware/TransformsRequest.php(21): Illuminate\\Pipeline\\Pipeline->Illuminate\\Pipeline\\{closure}()
#73 /home/go4database.com/public_html/@core/vendor/laravel/framework/src/Illuminate/Foundation/Http/Middleware/TrimStrings.php(40): Illuminate\\Foundation\\Http\\Middleware\\TransformsRequest->handle()
#74 /home/go4database.com/public_html/@core/vendor/laravel/framework/src/Illuminate/Pipeline/Pipeline.php(180): Illuminate\\Foundation\\Http\\Middleware\\TrimStrings->handle()
#75 /home/go4database.com/public_html/@core/vendor/laravel/framework/src/Illuminate/Foundation/Http/Middleware/ValidatePostSize.php(27): Illuminate\\Pipeline\\Pipeline->Illuminate\\Pipeline\\{closure}()
#76 /home/go4database.com/public_html/@core/vendor/laravel/framework/src/Illuminate/Pipeline/Pipeline.php(180): Illuminate\\Foundation\\Http\\Middleware\\ValidatePostSize->handle()
#77 /home/go4database.com/public_html/@core/vendor/laravel/framework/src/Illuminate/Foundation/Http/Middleware/PreventRequestsDuringMaintenance.php(86): Illuminate\\Pipeline\\Pipeline->Illuminate\\Pipeline\\{closure}()
#78 /home/go4database.com/public_html/@core/vendor/laravel/framework/src/Illuminate/Pipeline/Pipeline.php(180): Illuminate\\Foundation\\Http\\Middleware\\PreventRequestsDuringMaintenance->handle()
#79 /home/go4database.com/public_html/@core/vendor/fruitcake/laravel-cors/src/HandleCors.php(38): Illuminate\\Pipeline\\Pipeline->Illuminate\\Pipeline\\{closure}()
#80 /home/go4database.com/public_html/@core/vendor/laravel/framework/src/Illuminate/Pipeline/Pipeline.php(180): Fruitcake\\Cors\\HandleCors->handle()
#81 /home/go4database.com/public_html/@core/vendor/laravel/framework/src/Illuminate/Http/Middleware/TrustProxies.php(39): Illuminate\\Pipeline\\Pipeline->Illuminate\\Pipeline\\{closure}()
#82 /home/go4database.com/public_html/@core/vendor/laravel/framework/src/Illuminate/Pipeline/Pipeline.php(180): Illuminate\\Http\\Middleware\\TrustProxies->handle()
#83 /home/go4database.com/public_html/@core/vendor/laravel/framework/src/Illuminate/Pipeline/Pipeline.php(116): Illuminate\\Pipeline\\Pipeline->Illuminate\\Pipeline\\{closure}()
#84 /home/go4database.com/public_html/@core/vendor/laravel/framework/src/Illuminate/Foundation/Http/Kernel.php(165): Illuminate\\Pipeline\\Pipeline->then()
#85 /home/go4database.com/public_html/@core/vendor/laravel/framework/src/Illuminate/Foundation/Http/Kernel.php(134): Illuminate\\Foundation\\Http\\Kernel->sendRequestThroughRouter()
#86 /home/go4database.com/public_html/index.php(58): Illuminate\\Foundation\\Http\\Kernel->handle()
#87 {main}
"} 
[2026-09-15 09:05:11] local.ERROR: Undefined variable $schemaGraph {"view":{"view":"/home/go4database.com/public_html/@core/resources/views/frontend/partials/og-meta.blade.php","data":[]},"exception":"[object] (Spatie\\LaravelIgnition\\Exceptions\\ViewException(code: 0): Undefined variable $schemaGraph at /home/go4database.com/public_html/@core/resources/views/frontend/partials/og-meta.blade.php:954)
[stacktrace]
#0 /home/go4database.com/public_html/@core/vendor/laravel/framework/src/Illuminate/Foundation/Bootstrap/HandleExceptions.php(266): Illuminate\\Foundation\\Bootstrap\\HandleExceptions->handleError()
#1 /home/go4database.com/public_html/@core/resources/views/frontend/partials/og-meta.blade.php(954): Illuminate\\Foundation\\Bootstrap\\HandleExceptions->Illuminate\\Foundation\\Bootstrap\\{closure}()
#2 /home/go4database.com/public_html/@core/vendor/laravel/framework/src/Illuminate/Filesystem/Filesystem.php(109): require('...')
#3 /home/go4database.com/public_html/@core/vendor/laravel/framework/src/Illuminate/Filesystem/Filesystem.php(110): Illuminate\\Filesystem\\Filesystem::Illuminate\\Filesystem\\{closure}()
#4 /home/go4database.com/public_html/@core/vendor/laravel/framework/src/Illuminate/View/Engines/PhpEngine.php(58): Illuminate\\Filesystem\\Filesystem->getRequire()
#5 /home/go4database.com/public_html/@core/vendor/laravel/framework/src/Illuminate/View/Engines/CompilerEngine.php(70): Illuminate\\View\\Engines\\PhpEngine->evaluatePath()
#6 /home/go4database.com/public_html/@core/vendor/laravel/framework/src/Illuminate/View/View.php(152): Illuminate\\View\\Engines\\CompilerEngine->get()
#7 /home/go4database.com/public_html/@core/vendor/laravel/framework/src/Illuminate/View/View.php(135): Illuminate\\View\\View->getContents()
#8 /home/go4database.com/public_html/@core/vendor/laravel/framework/src/Illuminate/View/View.php(104): Illuminate\\View\\View->renderContents()
#9 /home/go4database.com/public_html/@core/resources/views/frontend/partials/header.blade.php(97): Illuminate\\View\\View->render()
#10 /home/go4database.com/public_html/@core/vendor/laravel/framework/src/Illuminate/Filesystem/Filesystem.php(109): require('...')
#11 /home/go4database.com/public_html/@core/vendor/laravel/framework/src/Illuminate/Filesystem/Filesystem.php(110): Illuminate\\Filesystem\\Filesystem::Illuminate\\Filesystem\\{closure}()
#12 /home/go4database.com/public_html/@core/vendor/laravel/framework/src/Illuminate/View/Engines/PhpEngine.php(58): Illuminate\\Filesystem\\Filesystem->getRequire()
#13 /home/go4database.com/public_html/@core/vendor/laravel/framework/src/Illuminate/View/Engines/CompilerEngine.php(70): Illuminate\\View\\Engines\\PhpEngine->evaluatePath()
#14 /home/go4database.com/public_html/@core/vendor/laravel/framework/src/Illuminate/View/View.php(152): Illuminate\\View\\Engines\\CompilerEngine->get()
#15 /home/go4database.com/public_html/@core/vendor/laravel/framework/src/Illuminate/View/View.php(135): Illuminate\\View\\View->getContents()
#16 /home/go4database.com/public_html/@core/vendor/laravel/framework/src/Illuminate/View/View.php(104): Illuminate\\View\\View->renderContents()
#17 /home/go4database.com/public_html/@core/resources/views/frontend/frontend-page-master.blade.php(1): Illuminate\\View\\View->render()
#18 /home/go4database.com/public_html/@core/vendor/laravel/framework/src/Illuminate/Filesystem/Filesystem.php(109): require('...')
#19 /home/go4database.com/public_html/@core/vendor/laravel/framework/src/Illuminate/Filesystem/Filesystem.php(110): Illuminate\\Filesystem\\Filesystem::Illuminate\\Filesystem\\{closure}()
#20 /home/go4database.com/public_html/@core/vendor/laravel/framework/src/Illuminate/View/Engines/PhpEngine.php(58): Illuminate\\Filesystem\\Filesystem->getRequire()
#21 /home/go4database.com/public_html/@core/vendor/laravel/framework/src/Illuminate/View/Engines/CompilerEngine.php(70): Illuminate\\View\\Engines\\PhpEngine->evaluatePath()
#22 /home/go4database.com/public_html/@core/vendor/laravel/framework/src/Illuminate/View/View.php(152): Illuminate\\View\\Engines\\CompilerEngine->get()
#23 /home/go4database.com/public_html/@core/vendor/laravel/framework/src/Illuminate/View/View.php(135): Illuminate\\View\\View->getContents()
#24 /home/go4database.com/public_html/@core/vendor/laravel/framework/src/Illuminate/View/View.php(104): Illuminate\\View\\View->renderContents()
#25 /home/go4database.com/public_html/@core/resources/views/frontend/pages/work/work-single.blade.php(120): Illuminate\\View\\View->render()
#26 /home/go4database.com/public_html/@core/vendor/laravel/framework/src/Illuminate/Filesystem/Filesystem.php(109): require('...')
#27 /home/go4database.com/public_html/@core/vendor/laravel/framework/src/Illuminate/Filesystem/Filesystem.php(110): Illuminate\\Filesystem\\Filesystem::Illuminate\\Filesystem\\{closure}()
#28 /home/go4database.com/public_html/@core/vendor/laravel/framework/src/Illuminate/View/Engines/PhpEngine.php(58): Illuminate\\Filesystem\\Filesystem->getRequire()
#29 /home/go4database.com/public_html/@core/vendor/laravel/framework/src/Illuminate/View/Engines/CompilerEngine.php(70): Illuminate\\View\\Engines\\PhpEngine->evaluatePath()
#30 /home/go4database.com/public_html/@core/vendor/laravel/framework/src/Illuminate/View/View.php(152): Illuminate\\View\\Engines\\CompilerEngine->get()
#31 /home/go4database.com/public_html/@core/vendor/laravel/framework/src/Illuminate/View/View.php(135): Illuminate\\View\\View->getContents()
#32 /home/go4database.com/public_html/@core/vendor/laravel/framework/src/Illuminate/View/View.php(104): Illuminate\\View\\View->renderContents()
#33 /home/go4database.com/public_html/@core/vendor/laravel/framework/src/Illuminate/Http/Response.php(69): Illuminate\\View\\View->render()
#34 /home/go4database.com/public_html/@core/vendor/laravel/framework/src/Illuminate/Http/Response.php(35): Illuminate\\Http\\Response->setContent()
#35 /home/go4database.com/public_html/@core/vendor/laravel/framework/src/Illuminate/Routing/Router.php(906): Illuminate\\Http\\Response->__construct()
#36 /home/go4database.com/public_html/@core/vendor/laravel/framework/src/Illuminate/Routing/Router.php(875): Illuminate\\Routing\\Router::toResponse()
#37 /home/go4database.com/public_html/@core/vendor/laravel/framework/src/Illuminate/Routing/Router.php(797): Illuminate\\Routing\\Router->prepareResponse()
#38 /home/go4database.com/public_html/@core/vendor/laravel/framework/src/Illuminate/Pipeline/Pipeline.php(141): Illuminate\\Routing\\Router->Illuminate\\Routing\\{closure}()
#39 /home/go4database.com/public_html/@core/app/Http/Middleware/HtmlMinifier.php(13): Illuminate\\Pipeline\\Pipeline->Illuminate\\Pipeline\\{closure}()
#40 /home/go4database.com/public_html/@core/vendor/laravel/framework/src/Illuminate/Pipeline/Pipeline.php(180): App\\Http\\Middleware\\HtmlMinifier->handle()
#41 /home/go4database.com/public_html/@core/app/Http/Middleware/MaintainsMode.php(22): Illuminate\\Pipeline\\Pipeline->Illuminate\\Pipeline\\{closure}()
#42 /home/go4database.com/public_html/@core/vendor/laravel/framework/src/Illuminate/Pipeline/Pipeline.php(180): App\\Http\\Middleware\\MaintainsMode->handle()
#43 /home/go4database.com/public_html/@core/app/Http/Middleware/GlobalVariableMiddleware.php(145): Illuminate\\Pipeline\\Pipeline->Illuminate\\Pipeline\\{closure}()
#44 /home/go4database.com/public_html/@core/vendor/laravel/framework/src/Illuminate/Pipeline/Pipeline.php(180): App\\Http\\Middleware\\GlobalVariableMiddleware->handle()
#45 /home/go4database.com/public_html/@core/app/Http/Middleware/SetUserLanguages.php(35): Illuminate\\Pipeline\\Pipeline->Illuminate\\Pipeline\\{closure}()
#46 /home/go4database.com/public_html/@core/vendor/laravel/framework/src/Illuminate/Pipeline/Pipeline.php(180): App\\Http\\Middleware\\SetUserLanguages->handle()
#47 /home/go4database.com/public_html/@core/app/Http/Middleware/RemoveTrailingSlash.php(33): Illuminate\\Pipeline\\Pipeline->Illuminate\\Pipeline\\{closure}()
#48 /home/go4database.com/public_html/@core/vendor/laravel/framework/src/Illuminate/Pipeline/Pipeline.php(180): App\\Http\\Middleware\\RemoveTrailingSlash->handle()
#49 /home/go4database.com/public_html/@core/vendor/laravel/framework/src/Illuminate/Routing/Middleware/SubstituteBindings.php(50): Illuminate\\Pipeline\\Pipeline->Illuminate\\Pipeline\\{closure}()
#50 /home/go4database.com/public_html/@core/vendor/laravel/framework/src/Illuminate/Pipeline/Pipeline.php(180): Illuminate\\Routing\\Middleware\\SubstituteBindings->handle()
#51 /home/go4database.com/public_html/@core/vendor/laravel/framework/src/Illuminate/Foundation/Http/Middleware/VerifyCsrfToken.php(78): Illuminate\\Pipeline\\Pipeline->Illuminate\\Pipeline\\{closure}()
#52 /home/go4database.com/public_html/@core/vendor/laravel/framework/src/Illuminate/Pipeline/Pipeline.php(180): Illuminate\\Foundation\\Http\\Middleware\\VerifyCsrfToken->handle()
#53 /home/go4database.com/public_html/@core/vendor/laravel/framework/src/Illuminate/View/Middleware/ShareErrorsFromSession.php(49): Illuminate\\Pipeline\\Pipeline->Illuminate\\Pipeline\\{closure}()
#54 /home/go4database.com/public_html/@core/vendor/laravel/framework/src/Illuminate/Pipeline/Pipeline.php(180): Illuminate\\View\\Middleware\\ShareErrorsFromSession->handle()
#55 /home/go4database.com/public_html/@core/vendor/laravel/framework/src/Illuminate/Session/Middleware/StartSession.php(121): Illuminate\\Pipeline\\Pipeline->Illuminate\\Pipeline\\{closure}()
#56 /home/go4database.com/public_html/@core/vendor/laravel/framework/src/Illuminate/Session/Middleware/StartSession.php(64): Illuminate\\Session\\Middleware\\StartSession->handleStatefulRequest()
#57 /home/go4database.com/public_html/@core/vendor/laravel/framework/src/Illuminate/Pipeline/Pipeline.php(180): Illuminate\\Session\\Middleware\\StartSession->handle()
#58 /home/go4database.com/public_html/@core/vendor/laravel/framework/src/Illuminate/Cookie/Middleware/AddQueuedCookiesToResponse.php(37): Illuminate\\Pipeline\\Pipeline->Illuminate\\Pipeline\\{closure}()
#59 /home/go4database.com/public_html/@core/vendor/laravel/framework/src/Illuminate/Pipeline/Pipeline.php(180): Illuminate\\Cookie\\Middleware\\AddQueuedCookiesToResponse->handle()
#60 /home/go4database.com/public_html/@core/vendor/laravel/framework/src/Illuminate/Cookie/Middleware/EncryptCookies.php(67): Illuminate\\Pipeline\\Pipeline->Illuminate\\Pipeline\\{closure}()
#61 /home/go4database.com/public_html/@core/vendor/laravel/framework/src/Illuminate/Pipeline/Pipeline.php(180): Illuminate\\Cookie\\Middleware\\EncryptCookies->handle()
#62 /home/go4database.com/public_html/@core/vendor/laravel/framework/src/Illuminate/Pipeline/Pipeline.php(116): Illuminate\\Pipeline\\Pipeline->Illuminate\\Pipeline\\{closure}()
#63 /home/go4database.com/public_html/@core/vendor/laravel/framework/src/Illuminate/Routing/Router.php(797): Illuminate\\Pipeline\\Pipeline->then()
#64 /home/go4database.com/public_html/@core/vendor/laravel/framework/src/Illuminate/Routing/Router.php(776): Illuminate\\Routing\\Router->runRouteWithinStack()
#65 /home/go4database.com/public_html/@core/vendor/laravel/framework/src/Illuminate/Routing/Router.php(740): Illuminate\\Routing\\Router->runRoute()
#66 /home/go4database.com/public_html/@core/vendor/laravel/framework/src/Illuminate/Routing/Router.php(729): Illuminate\\Routing\\Router->dispatchToRoute()
#67 /home/go4database.com/public_html/@core/vendor/laravel/framework/src/Illuminate/Foundation/Http/Kernel.php(190): Illuminate\\Routing\\Router->dispatch()
#68 /home/go4database.com/public_html/@core/vendor/laravel/framework/src/Illuminate/Pipeline/Pipeline.php(141): Illuminate\\Foundation\\Http\\Kernel->Illuminate\\Foundation\\Http\\{closure}()
#69 /home/go4database.com/public_html/@core/vendor/laravel/framework/src/Illuminate/Foundation/Http/Middleware/TransformsRequest.php(21): Illuminate\\Pipeline\\Pipeline->Illuminate\\Pipeline\\{closure}()
#70 /home/go4database.com/public_html/@core/vendor/laravel/framework/src/Illuminate/Foundation/Http/Middleware/ConvertEmptyStringsToNull.php(31): Illuminate\\Foundation\\Http\\Middleware\\TransformsRequest->handle()
#71 /home/go4database.com/public_html/@core/vendor/laravel/framework/src/Illuminate/Pipeline/Pipeline.php(180): Illuminate\\Foundation\\Http\\Middleware\\ConvertEmptyStringsToNull->handle()
#72 /home/go4database.com/public_html/@core/vendor/laravel/framework/src/Illuminate/Foundation/Http/Middleware/TransformsRequest.php(21): Illuminate\\Pipeline\\Pipeline->Illuminate\\Pipeline\\{closure}()
#73 /home/go4database.com/public_html/@core/vendor/laravel/framework/src/Illuminate/Foundation/Http/Middleware/TrimStrings.php(40): Illuminate\\Foundation\\Http\\Middleware\\TransformsRequest->handle()
#74 /home/go4database.com/public_html/@core/vendor/laravel/framework/src/Illuminate/Pipeline/Pipeline.php(180): Illuminate\\Foundation\\Http\\Middleware\\TrimStrings->handle()
#75 /home/go4database.com/public_html/@core/vendor/laravel/framework/src/Illuminate/Foundation/Http/Middleware/ValidatePostSize.php(27): Illuminate\\Pipeline\\Pipeline->Illuminate\\Pipeline\\{closure}()
#76 /home/go4database.com/public_html/@core/vendor/laravel/framework/src/Illuminate/Pipeline/Pipeline.php(180): Illuminate\\Foundation\\Http\\Middleware\\ValidatePostSize->handle()
#77 /home/go4database.com/public_html/@core/vendor/laravel/framework/src/Illuminate/Foundation/Http/Middleware/PreventRequestsDuringMaintenance.php(86): Illuminate\\Pipeline\\Pipeline->Illuminate\\Pipeline\\{closure}()
#78 /home/go4database.com/public_html/@core/vendor/laravel/framework/src/Illuminate/Pipeline/Pipeline.php(180): Illuminate\\Foundation\\Http\\Middleware\\PreventRequestsDuringMaintenance->handle()
#79 /home/go4database.com/public_html/@core/vendor/fruitcake/laravel-cors/src/HandleCors.php(38): Illuminate\\Pipeline\\Pipeline->Illuminate\\Pipeline\\{closure}()
#80 /home/go4database.com/public_html/@core/vendor/laravel/framework/src/Illuminate/Pipeline/Pipeline.php(180): Fruitcake\\Cors\\HandleCors->handle()
#81 /home/go4database.com/public_html/@core/vendor/laravel/framework/src/Illuminate/Http/Middleware/TrustProxies.php(39): Illuminate\\Pipeline\\Pipeline->Illuminate\\Pipeline\\{closure}()
#82 /home/go4database.com/public_html/@core/vendor/laravel/framework/src/Illuminate/Pipeline/Pipeline.php(180): Illuminate\\Http\\Middleware\\TrustProxies->handle()
#83 /home/go4database.com/public_html/@core/vendor/laravel/framework/src/Illuminate/Pipeline/Pipeline.php(116): Illuminate\\Pipeline\\Pipeline->Illuminate\\Pipeline\\{closure}()
#84 /home/go4database.com/public_html/@core/vendor/laravel/framework/src/Illuminate/Foundation/Http/Kernel.php(165): Illuminate\\Pipeline\\Pipeline->then()
#85 /home/go4database.com/public_html/@core/vendor/laravel/framework/src/Illuminate/Foundation/Http/Kernel.php(134): Illuminate\\Foundation\\Http\\Kernel->sendRequestThroughRouter()
#86 /home/go4database.com/public_html/index.php(58): Illuminate\\Foundation\\Http\\Kernel->handle()
#87 {main}

[previous exception] [object] (ErrorException(code: 0): Undefined variable $schemaGraph at /home/go4database.com/public_html/@core/storage/framework/views/221fcdb7e4a203ba0603243f02c9752c069f85ad.php:1014)
[stacktrace]
#0 /home/go4database.com/public_html/@core/vendor/laravel/framework/src/Illuminate/Foundation/Bootstrap/HandleExceptions.php(266): Illuminate\\Foundation\\Bootstrap\\HandleExceptions->handleError()
#1 /home/go4database.com/public_html/@core/storage/framework/views/221fcdb7e4a203ba0603243f02c9752c069f85ad.php(1014): Illuminate\\Foundation\\Bootstrap\\HandleExceptions->Illuminate\\Foundation\\Bootstrap\\{closure}()
#2 /home/go4database.com/public_html/@core/vendor/laravel/framework/src/Illuminate/Filesystem/Filesystem.php(109): require('...')
#3 /home/go4database.com/public_html/@core/vendor/laravel/framework/src/Illuminate/Filesystem/Filesystem.php(110): Illuminate\\Filesystem\\Filesystem::Illuminate\\Filesystem\\{closure}()
#4 /home/go4database.com/public_html/@core/vendor/laravel/framework/src/Illuminate/View/Engines/PhpEngine.php(58): Illuminate\\Filesystem\\Filesystem->getRequire()
#5 /home/go4database.com/public_html/@core/vendor/laravel/framework/src/Illuminate/View/Engines/CompilerEngine.php(70): Illuminate\\View\\Engines\\PhpEngine->evaluatePath()
#6 /home/go4database.com/public_html/@core/vendor/laravel/framework/src/Illuminate/View/View.php(152): Illuminate\\View\\Engines\\CompilerEngine->get()
#7 /home/go4database.com/public_html/@core/vendor/laravel/framework/src/Illuminate/View/View.php(135): Illuminate\\View\\View->getContents()
#8 /home/go4database.com/public_html/@core/vendor/laravel/framework/src/Illuminate/View/View.php(104): Illuminate\\View\\View->renderContents()
#9 /home/go4database.com/public_html/@core/storage/framework/views/f32cb2db49a58a35455242ca81432863c5a7dcf2.php(99): Illuminate\\View\\View->render()
#10 /home/go4database.com/public_html/@core/vendor/laravel/framework/src/Illuminate/Filesystem/Filesystem.php(109): require('...')
#11 /home/go4database.com/public_html/@core/vendor/laravel/framework/src/Illuminate/Filesystem/Filesystem.php(110): Illuminate\\Filesystem\\Filesystem::Illuminate\\Filesystem\\{closure}()
#12 /home/go4database.com/public_html/@core/vendor/laravel/framework/src/Illuminate/View/Engines/PhpEngine.php(58): Illuminate\\Filesystem\\Filesystem->getRequire()
#13 /home/go4database.com/public_html/@core/vendor/laravel/framework/src/Illuminate/View/Engines/CompilerEngine.php(70): Illuminate\\View\\Engines\\PhpEngine->evaluatePath()
#14 /home/go4database.com/public_html/@core/vendor/laravel/framework/src/Illuminate/View/View.php(152): Illuminate\\View\\Engines\\CompilerEngine->get()
#15 /home/go4database.com/public_html/@core/vendor/laravel/framework/src/Illuminate/View/View.php(135): Illuminate\\View\\View->getContents()
#16 /home/go4database.com/public_html/@core/vendor/laravel/framework/src/Illuminate/View/View.php(104): Illuminate\\View\\View->renderContents()
#17 /home/go4database.com/public_html/@core/storage/framework/views/b5c5cb5450fea018ae94272147b0c51b472de20c.php(1): Illuminate\\View\\View->render()
#18 /home/go4database.com/public_html/@core/vendor/laravel/framework/src/Illuminate/Filesystem/Filesystem.php(109): require('...')
#19 /home/go4database.com/public_html/@core/vendor/laravel/framework/src/Illuminate/Filesystem/Filesystem.php(110): Illuminate\\Filesystem\\Filesystem::Illuminate\\Filesystem\\{closure}()
#20 /home/go4database.com/public_html/@core/vendor/laravel/framework/src/Illuminate/View/Engines/PhpEngine.php(58): Illuminate\\Filesystem\\Filesystem->getRequire()
#21 /home/go4database.com/public_html/@core/vendor/laravel/framework/src/Illuminate/View/Engines/CompilerEngine.php(70): Illuminate\\View\\Engines\\PhpEngine->evaluatePath()
#22 /home/go4database.com/public_html/@core/vendor/laravel/framework/src/Illuminate/View/View.php(152): Illuminate\\View\\Engines\\CompilerEngine->get()
#23 /home/go4database.com/public_html/@core/vendor/laravel/framework/src/Illuminate/View/View.php(135): Illuminate\\View\\View->getContents()
#24 /home/go4database.com/public_html/@core/vendor/laravel/framework/src/Illuminate/View/View.php(104): Illuminate\\View\\View->renderContents()
#25 /home/go4database.com/public_html/@core/storage/framework/views/56a6d0adf64e4d2f1ff44635206d14308d634643.php(130): Illuminate\\View\\View->render()
#26 /home/go4database.com/public_html/@core/vendor/laravel/framework/src/Illuminate/Filesystem/Filesystem.php(109): require('...')
#27 /home/go4database.com/public_html/@core/vendor/laravel/framework/src/Illuminate/Filesystem/Filesystem.php(110): Illuminate\\Filesystem\\Filesystem::Illuminate\\Filesystem\\{closure}()
#28 /home/go4database.com/public_html/@core/vendor/laravel/framework/src/Illuminate/View/Engines/PhpEngine.php(58): Illuminate\\Filesystem\\Filesystem->getRequire()
#29 /home/go4database.com/public_html/@core/vendor/laravel/framework/src/Illuminate/View/Engines/CompilerEngine.php(70): Illuminate\\View\\Engines\\PhpEngine->evaluatePath()
#30 /home/go4database.com/public_html/@core/vendor/laravel/framework/src/Illuminate/View/View.php(152): Illuminate\\View\\Engines\\CompilerEngine->get()
#31 /home/go4database.com/public_html/@core/vendor/laravel/framework/src/Illuminate/View/View.php(135): Illuminate\\View\\View->getContents()
#32 /home/go4database.com/public_html/@core/vendor/laravel/framework/src/Illuminate/View/View.php(104): Illuminate\\View\\View->renderContents()
#33 /home/go4database.com/public_html/@core/vendor/laravel/framework/src/Illuminate/Http/Response.php(69): Illuminate\\View\\View->render()
#34 /home/go4database.com/public_html/@core/vendor/laravel/framework/src/Illuminate/Http/Response.php(35): Illuminate\\Http\\Response->setContent()
#35 /home/go4database.com/public_html/@core/vendor/laravel/framework/src/Illuminate/Routing/Router.php(906): Illuminate\\Http\\Response->__construct()
#36 /home/go4database.com/public_html/@core/vendor/laravel/framework/src/Illuminate/Routing/Router.php(875): Illuminate\\Routing\\Router::toResponse()
#37 /home/go4database.com/public_html/@core/vendor/laravel/framework/src/Illuminate/Routing/Router.php(797): Illuminate\\Routing\\Router->prepareResponse()
#38 /home/go4database.com/public_html/@core/vendor/laravel/framework/src/Illuminate/Pipeline/Pipeline.php(141): Illuminate\\Routing\\Router->Illuminate\\Routing\\{closure}()
#39 /home/go4database.com/public_html/@core/app/Http/Middleware/HtmlMinifier.php(13): Illuminate\\Pipeline\\Pipeline->Illuminate\\Pipeline\\{closure}()
#40 /home/go4database.com/public_html/@core/vendor/laravel/framework/src/Illuminate/Pipeline/Pipeline.php(180): App\\Http\\Middleware\\HtmlMinifier->handle()
#41 /home/go4database.com/public_html/@core/app/Http/Middleware/MaintainsMode.php(22): Illuminate\\Pipeline\\Pipeline->Illuminate\\Pipeline\\{closure}()
#42 /home/go4database.com/public_html/@core/vendor/laravel/framework/src/Illuminate/Pipeline/Pipeline.php(180): App\\Http\\Middleware\\MaintainsMode->handle()
#43 /home/go4database.com/public_html/@core/app/Http/Middleware/GlobalVariableMiddleware.php(145): Illuminate\\Pipeline\\Pipeline->Illuminate\\Pipeline\\{closure}()
#44 /home/go4database.com/public_html/@core/vendor/laravel/framework/src/Illuminate/Pipeline/Pipeline.php(180): App\\Http\\Middleware\\GlobalVariableMiddleware->handle()
#45 /home/go4database.com/public_html/@core/app/Http/Middleware/SetUserLanguages.php(35): Illuminate\\Pipeline\\Pipeline->Illuminate\\Pipeline\\{closure}()
#46 /home/go4database.com/public_html/@core/vendor/laravel/framework/src/Illuminate/Pipeline/Pipeline.php(180): App\\Http\\Middleware\\SetUserLanguages->handle()
#47 /home/go4database.com/public_html/@core/app/Http/Middleware/RemoveTrailingSlash.php(33): Illuminate\\Pipeline\\Pipeline->Illuminate\\Pipeline\\{closure}()
#48 /home/go4database.com/public_html/@core/vendor/laravel/framework/src/Illuminate/Pipeline/Pipeline.php(180): App\\Http\\Middleware\\RemoveTrailingSlash->handle()
#49 /home/go4database.com/public_html/@core/vendor/laravel/framework/src/Illuminate/Routing/Middleware/SubstituteBindings.php(50): Illuminate\\Pipeline\\Pipeline->Illuminate\\Pipeline\\{closure}()
#50 /home/go4database.com/public_html/@core/vendor/laravel/framework/src/Illuminate/Pipeline/Pipeline.php(180): Illuminate\\Routing\\Middleware\\SubstituteBindings->handle()
#51 /home/go4database.com/public_html/@core/vendor/laravel/framework/src/Illuminate/Foundation/Http/Middleware/VerifyCsrfToken.php(78): Illuminate\\Pipeline\\Pipeline->Illuminate\\Pipeline\\{closure}()
#52 /home/go4database.com/public_html/@core/vendor/laravel/framework/src/Illuminate/Pipeline/Pipeline.php(180): Illuminate\\Foundation\\Http\\Middleware\\VerifyCsrfToken->handle()
#53 /home/go4database.com/public_html/@core/vendor/laravel/framework/src/Illuminate/View/Middleware/ShareErrorsFromSession.php(49): Illuminate\\Pipeline\\Pipeline->Illuminate\\Pipeline\\{closure}()
#54 /home/go4database.com/public_html/@core/vendor/laravel/framework/src/Illuminate/Pipeline/Pipeline.php(180): Illuminate\\View\\Middleware\\ShareErrorsFromSession->handle()
#55 /home/go4database.com/public_html/@core/vendor/laravel/framework/src/Illuminate/Session/Middleware/StartSession.php(121): Illuminate\\Pipeline\\Pipeline->Illuminate\\Pipeline\\{closure}()
#56 /home/go4database.com/public_html/@core/vendor/laravel/framework/src/Illuminate/Session/Middleware/StartSession.php(64): Illuminate\\Session\\Middleware\\StartSession->handleStatefulRequest()
#57 /home/go4database.com/public_html/@core/vendor/laravel/framework/src/Illuminate/Pipeline/Pipeline.php(180): Illuminate\\Session\\Middleware\\StartSession->handle()
#58 /home/go4database.com/public_html/@core/vendor/laravel/framework/src/Illuminate/Cookie/Middleware/AddQueuedCookiesToResponse.php(37): Illuminate\\Pipeline\\Pipeline->Illuminate\\Pipeline\\{closure}()
#59 /home/go4database.com/public_html/@core/vendor/laravel/framework/src/Illuminate/Pipeline/Pipeline.php(180): Illuminate\\Cookie\\Middleware\\AddQueuedCookiesToResponse->handle()
#60 /home/go4database.com/public_html/@core/vendor/laravel/framework/src/Illuminate/Cookie/Middleware/EncryptCookies.php(67): Illuminate\\Pipeline\\Pipeline->Illuminate\\Pipeline\\{closure}()
#61 /home/go4database.com/public_html/@core/vendor/laravel/framework/src/Illuminate/Pipeline/Pipeline.php(180): Illuminate\\Cookie\\Middleware\\EncryptCookies->handle()
#62 /home/go4database.com/public_html/@core/vendor/laravel/framework/src/Illuminate/Pipeline/Pipeline.php(116): Illuminate\\Pipeline\\Pipeline->Illuminate\\Pipeline\\{closure}()
#63 /home/go4database.com/public_html/@core/vendor/laravel/framework/src/Illuminate/Routing/Router.php(797): Illuminate\\Pipeline\\Pipeline->then()
#64 /home/go4database.com/public_html/@core/vendor/laravel/framework/src/Illuminate/Routing/Router.php(776): Illuminate\\Routing\\Router->runRouteWithinStack()
#65 /home/go4database.com/public_html/@core/vendor/laravel/framework/src/Illuminate/Routing/Router.php(740): Illuminate\\Routing\\Router->runRoute()
#66 /home/go4database.com/public_html/@core/vendor/laravel/framework/src/Illuminate/Routing/Router.php(729): Illuminate\\Routing\\Router->dispatchToRoute()
#67 /home/go4database.com/public_html/@core/vendor/laravel/framework/src/Illuminate/Foundation/Http/Kernel.php(190): Illuminate\\Routing\\Router->dispatch()
#68 /home/go4database.com/public_html/@core/vendor/laravel/framework/src/Illuminate/Pipeline/Pipeline.php(141): Illuminate\\Foundation\\Http\\Kernel->Illuminate\\Foundation\\Http\\{closure}()
#69 /home/go4database.com/public_html/@core/vendor/laravel/framework/src/Illuminate/Foundation/Http/Middleware/TransformsRequest.php(21): Illuminate\\Pipeline\\Pipeline->Illuminate\\Pipeline\\{closure}()
#70 /home/go4database.com/public_html/@core/vendor/laravel/framework/src/Illuminate/Foundation/Http/Middleware/ConvertEmptyStringsToNull.php(31): Illuminate\\Foundation\\Http\\Middleware\\TransformsRequest->handle()
#71 /home/go4database.com/public_html/@core/vendor/laravel/framework/src/Illuminate/Pipeline/Pipeline.php(180): Illuminate\\Foundation\\Http\\Middleware\\ConvertEmptyStringsToNull->handle()
#72 /home/go4database.com/public_html/@core/vendor/laravel/framework/src/Illuminate/Foundation/Http/Middleware/TransformsRequest.php(21): Illuminate\\Pipeline\\Pipeline->Illuminate\\Pipeline\\{closure}()
#73 /home/go4database.com/public_html/@core/vendor/laravel/framework/src/Illuminate/Foundation/Http/Middleware/TrimStrings.php(40): Illuminate\\Foundation\\Http\\Middleware\\TransformsRequest->handle()
#74 /home/go4database.com/public_html/@core/vendor/laravel/framework/src/Illuminate/Pipeline/Pipeline.php(180): Illuminate\\Foundation\\Http\\Middleware\\TrimStrings->handle()
#75 /home/go4database.com/public_html/@core/vendor/laravel/framework/src/Illuminate/Foundation/Http/Middleware/ValidatePostSize.php(27): Illuminate\\Pipeline\\Pipeline->Illuminate\\Pipeline\\{closure}()
#76 /home/go4database.com/public_html/@core/vendor/laravel/framework/src/Illuminate/Pipeline/Pipeline.php(180): Illuminate\\Foundation\\Http\\Middleware\\ValidatePostSize->handle()
#77 /home/go4database.com/public_html/@core/vendor/laravel/framework/src/Illuminate/Foundation/Http/Middleware/PreventRequestsDuringMaintenance.php(86): Illuminate\\Pipeline\\Pipeline->Illuminate\\Pipeline\\{closure}()
#78 /home/go4database.com/public_html/@core/vendor/laravel/framework/src/Illuminate/Pipeline/Pipeline.php(180): Illuminate\\Foundation\\Http\\Middleware\\PreventRequestsDuringMaintenance->handle()
#79 /home/go4database.com/public_html/@core/vendor/fruitcake/laravel-cors/src/HandleCors.php(38): Illuminate\\Pipeline\\Pipeline->Illuminate\\Pipeline\\{closure}()
#80 /home/go4database.com/public_html/@core/vendor/laravel/framework/src/Illuminate/Pipeline/Pipeline.php(180): Fruitcake\\Cors\\HandleCors->handle()
#81 /home/go4database.com/public_html/@core/vendor/laravel/framework/src/Illuminate/Http/Middleware/TrustProxies.php(39): Illuminate\\Pipeline\\Pipeline->Illuminate\\Pipeline\\{closure}()
#82 /home/go4database.com/public_html/@core/vendor/laravel/framework/src/Illuminate/Pipeline/Pipeline.php(180): Illuminate\\Http\\Middleware\\TrustProxies->handle()
#83 /home/go4database.com/public_html/@core/vendor/laravel/framework/src/Illuminate/Pipeline/Pipeline.php(116): Illuminate\\Pipeline\\Pipeline->Illuminate\\Pipeline\\{closure}()
#84 /home/go4database.com/public_html/@core/vendor/laravel/framework/src/Illuminate/Foundation/Http/Kernel.php(165): Illuminate\\Pipeline\\Pipeline->then()
#85 /home/go4database.com/public_html/@core/vendor/laravel/framework/src/Illuminate/Foundation/Http/Kernel.php(134): Illuminate\\Foundation\\Http\\Kernel->sendRequestThroughRouter()
#86 /home/go4database.com/public_html/index.php(58): Illuminate\\Foundation\\Http\\Kernel->handle()
#87 {main}
"} 
